LotID,LotDescription
101,1360 - Black Uniforms Tops
102,1360 - Navy Uniforms Tops
103,1360 - Red Uniforms Tops
104,1360 - Royal Blue Uniforms Tops
105,1430 - Black Accessories
106,1430 - Dark Red Accessories
107,1430 - Hunter Green Accessories
108,1430 - Navy Accessories
109,1430 - Red Accessories
110,1430 - Royal Blue Accessories
111,1430 - White Accessories
112,1K00BU - Burgundy/Black Woven Shirts
113,1K00PT - Putty/Navy Woven Shirts
114,1K00ST - Storm/Black Woven Shirts
115,1P60 - Black Woven Shirts
116,1P60 - Navy Woven Shirts
117,1S00 - Black Woven Shirts
118,1S00 - Hunter Woven Shirts
119,1S00 - Navy Woven Shirts
120,1S00 - Tan Woven Shirts
121,1T11 - Black Industrial
122,1T11 - Burgundy Industrial
123,1T11 - Emerald Industrial
124,1T11 - Khaki Industrial
125,1T11 - Navy Industrial
126,1T11 - Red Industrial
127,1T11 - Royal Blue Industrial
128,1T11 - White Industrial
129,1T11P - Stone Industrial
130,1T21 - Black Industrial
131,1T21 - Burgundy Industrial
132,1T21 - Emerald Industrial
133,1T21 - Khaki Industrial
134,1T21 - Navy Industrial
135,1T21 - Red Industrial
136,1T21 - Royal Blue Industrial
137,1T21 - Stone Industrial
138,1T21P - White Industrial
139,2020 - Black Uniforms Bottoms
140,2020 - Black/white Check Uniforms Bottoms
141,2020 - White Uniforms Bottoms
142,2030 - Black/White Check Uniforms Bottoms
143,400 - White Uniforms Jackets
144,4004 - White Outerwear
145,4006 - White Outerwear
146,4010 - White Outerwear
147,4016 - White Outerwear
148,402 - White Uniforms Jackets
149,4020 - White Uniforms Jackets
150,403 - White Uniforms Jackets
151,404 - White Uniforms Jackets
152,406 - White Outerwear
153,411 - White Uniforms Jackets
154,413 - White Uniforms Jackets
155,414 - White Uniforms Jackets
156,415 - White Uniforms Jackets
157,416 - White Outerwear
158,420 - White Uniforms Jackets
159,421 - White Uniforms Jackets
160,423 - White Uniforms Jackets
161,425 - Black Uniforms Jackets
162,427 - Black Uniforms Jackets
163,440 - White Uniforms Jackets
164,5010 - White Uniforms Tops
165,5020 - Black Uniforms Tops
166,5020 - White Uniforms Tops
167,5025 - White Uniforms Tops
168,5028 - White Uniforms Tops
169,5035 - Black Uniforms Tops
170,5035 - White Uniforms Tops
171,5050 - White Uniforms Tops
172,5080 - Light Blue Outerwear
173,5080 - White Outerwear
174,5090 - White Outerwear
175,5210 - White Medical
176,5360 - Black Uniforms Bottoms
177,5360 - Black/White Check Uniforms Bottoms
178,5700 - White Outerwear
179,9K03P - Burgundy Hospitality
180,9K03P - Putty Hospitality
181,9K03P - Storm Hospitality
182,9P01 - Navy Hospitality
183,9P01P - Black Hospitality
184,9P01P - Burgundy Hospitality
185,9P01P - Emerald Hospitality
186,9S01 - Hunter Green Hospitality
187,9S01 - Navy Hospitality
188,9S01P - Black Hospitality
189,9S01P - Burgundy Hospitality
190,9S01P - Tan Hospitality
191,9S03 - Burgundy Hospitality
192,9S03 - Hunter Green Hospitality
193,9S03P - Black Hospitality
194,9S03P - Navy Hospitality
195,9S03P - Tan Hospitality
196,9S05 - Black Hospitality
197,9S05 - Hunter Green Hospitality
198,9S05P - Navy Hospitality
199,AB12BK - Black Accessories
200,AB14BK - Black Accessories
201,BD10 - Denim Bibs & Overalls
202,BD10 - Denim With Yellow/Silver Visibility Trim Bibs & Overalls
203,BD30 - Brown Duck Bibs & Overalls
204,BD30 - Navy Duck Bibs & Overalls
205,BLC8NV LN XXL - Navy Flame Resistant Bottoms
206,BLF8BD LN XXL - Brown Duck Flame Resistant Bottoms
207,BLF8NV LN XXL - Navy Duck Flame Resistant Bottoms
208,BLN4BD RG M - Brown Duck Flame Resistant Bottoms
209,BNF8RB RG XXL - Royal Blue Flame Resistant Bottoms
210,BNN2NV LN XXL - Navy Flame Resistant Bottoms
211,BXN4YE RG S - Yellow/Green Flame Resistant Bottoms
212,CC14 - Bleached White Coveralls
213,CC14 - Herringbone Coveralls
214,CC14 - Navy Coveralls
215,CC14 - Orange Coveralls
216,CC14 - Postman Blue Coveralls
217,CC16 - Fisher Herringbone Coveralls
218,CC16 - Navy Coveralls
219,CC16 - Postman Blue Coveralls
220,CC16 - White Coveralls
221,CC18GY - Grey Coveralls
222,CC18NV - Navy Coveralls
223,CC18RD - Red Coveralls
224,CD32 - Brown Duck Coveralls
225,CD32 - Navy Duck Coveralls
226,CEB2GY RG 54 - Medium Grey Flame Resistant Bottoms
227,CEB2NV RG 50 - Navy Flame Resistant Bottoms
228,CEB2RD RG 52 - Red Flame Resistant Bottoms
229,CEC2KH RG 58 - Khaki Flame Resistant Bottoms
230,CEC2NV RG 60 - Navy Flame Resistant Bottoms
231,CEC2OR RG 52 - Orange Flame Resistant Bottoms
232,CEC2RB LN 50 - Royal Blue Flame Resistant Bottoms
233,CED2KH RG 58 - Khaki Flame Resistant Bottoms
234,CED2NV RG 60 - Navy Flame Resistant Bottoms
235,CED2OR LN 56 - Orange Flame Resistant Bottoms
236,CED2RB RG 64 - Royal Blue Flame Resistant Bottoms
237,CEH2NV LN XXL - Navy Flame Resistant Bottoms
238,CEW2VG RG XXL - Visual Green Flame Resistant Bottoms
239,CK44 - Navy Coveralls
240,CLB2KH RG 46 - Khaki Flame Resistant Bottoms
241,CLB2NV RG 56 - Navy Flame Resistant Bottoms
242,CLB2RB RG 52 - Royal Blue Flame Resistant Bottoms
243,CLB6KH RG 50 - Khaki Flame Resistant Bottoms
244,CLB6NV RG 58 - Navy Flame Resistant Bottoms
245,CLBTRB RG 58 - Royal Blue Flame Resistant Bottoms
246,CLC8NV LN XL - Navy Flame Resistant Bottoms
247,CLD4GY RG 38 - Grey Flame Resistant Bottoms
248,CLD4KH RG 58 - Khaki Flame Resistant Bottoms
249,CLD4NV RG 36 - Navy Flame Resistant Bottoms
250,CLD4RB RG 52 - Royal Blue Flame Resistant Bottoms
251,CLD4RD RG 58 - Red Flame Resistant Bottoms
252,CMD4GY RG 58 - Grey Flame Resistant Bottoms
253,CMD4NV RG 56 - Navy Flame Resistant Bottoms
254,CMD6KH LN 58 - Khaki Flame Resistant Bottoms
255,CMD6NV LN 52 - Navy Flame Resistant Bottoms
256,CNB2NV LN 44 - Navy Flame Resistant Bottoms
257,CNB2RB RG 44 - Royal Blue Flame Resistant Bottoms
258,CNB2TN RG 46 - Tan Flame Resistant Bottoms
259,CNB3NV RG S - Navy Flame Resistant Bottoms
260,CNB6NV LN 58 - Navy Flame Resistant Bottoms
261,CNB6RB LN 52 - Royal Blue Flame Resistant Bottoms
262,CNBTRB LN 58 - Royal Blue Flame Resistant Bottoms
263,CNC2NV LN 52 - Navy Flame Resistant Bottoms
264,CNC2TN LN 56 - Tan Flame Resistant Bottoms
265,CNN2NV RG XXL - Navy Flame Resistant Bottoms
266,CP30 - Navy Coveralls
267,CP40 - Medium Blue Coveralls
268,CP40 - Navy Coveralls
269,CP40 - White Coveralls
270,CT10 - Black Coveralls
271,CT10 - Brown Coveralls
272,CT10 - Charcoal Coveralls
273,CT10 - Electric Blue Coveralls
274,CT10 - Navy Coveralls
275,CT10 - Navy With Yellow/Green Visibility Trim Coveralls
276,CT10 - Orange Coveralls
277,CT10 - Postman Blue Coveralls
278,CT10 - Spruce Green Coveralls
279,CT10 - White Coveralls
280,CT16 - White Coveralls
281,CT30 - Navy Coveralls
282,DP23 - Light Blue Hospitality
283,DP23P - White Hospitality
284,DP29 - White Hospitality
285,HB20 - Black Accessories
286,HB20 - Navy Accessories
287,HB20 - Red Accessories
288,HD20 - Brown Duck Accessories
289,HD20 - Navy Duck Accessories
290,HLB6LD RG M - Light Denim Flame Resistant Bottoms
291,HLH2BD RG M - Brown Duck Flame Resistant Tops
292,HLH2NV RG M - Navy Flame Resistant Tops
293,HLH2RB RG M - Royal Blue Flame Resistant Tops
294,HMB2NV RG M - Navy Flame Resistant Tops
295,HMC2BK RG M - Black Flame Resistant Tops
296,HMC4NV RG M - Navy Flame Resistant Outerwear
297,HNB2NA RG M - Natural Flame Resistant Tops
298,HNH2NV RG M - Navy Flame Resistant Tops
299,HNH2RB RG M - Royal Blue Flame Resistant Tops
300,HNL2NV RG M - Navy Flame Resistant Outerwear
301,HNM2NV RG M - Navy Flame Resistant Outerwear
302,HP60 - Black Accessories
303,HP60 - Red Accessories
304,HP60 - White Accessories
305,HP60 - White With Black Band Accessories
306,HP70 - Black Accessories
307,HP70 - White Accessories
308,JD20 - Brown Duck Outerwear
309,JD20 - Navy Duck Outerwear
310,JD24 - Brown Duck Outerwear
311,JD24 - Navy Duck Outerwear
312,JET2NV RG XL - Navy Flame Resistant Outerwear
313,JEW2NV LN XXL - Navy Flame Resistant Outerwear
314,JLB8BD LN XXL - Brown Duck Flame Resistant Outerwear
315,JLC4BD LN XXL - Brown Duck Flame Resistant Outerwear
316,JLF6BK RG XL - Black Flame Resistant Outerwear
317,JLH4BD RG S - Brown Duck Flame Resistant Outerwear
318,JLJ8NV RG S - Navy Flame Resistant Outerwear
319,JLPCNV RG M - Navy Flame Resistant Outerwear
320,JLR8NV LN XXL - Navy Flame Resistant Outerwear
321,JN10 - Navy Outerwear
322,JNJ8NV RG 3XL - Navy Flame Resistant Outerwear
323,JNP2NV LN XXL - Navy Flame Resistant Outerwear
324,JNT2NV RG XXL - Navy Flame Resistant Outerwear
325,JP66 - Black Outerwear
326,JP66 - Navy Outerwear
327,JP70 - Black Outerwear
328,JP70 - Navy Outerwear
329,JT22 - Black Outerwear
330,JT22 - Brown Outerwear
331,JT22 - Charcoal Outerwear
332,JT22 - Navy Outerwear
333,JT22 - Spruce Green Outerwear
334,JT36 - Navy Outerwear
335,JT38 - Black Outerwear
336,JT38 - Charcoal Outerwear
337,JT38 - Navy Outerwear
338,JT38 - Spruce Green Outerwear
339,JT40 - Black/Charcoal Outerwear
340,JT50 - Black Outerwear
341,JT50 - Brown Outerwear
342,JT50 - Charcoal Outerwear
343,JT50 - Navy Outerwear
344,JT50 - Navy With Yellow/Green Visibility Trim Outerwear
345,JT50 - Spruce Green Outerwear
346,JY32 - Fluorescent Yellow/Green High Visibility Outerwear
347,KC82 - White Uniforms Jackets
348,KDE4SB RG M - Sky Blue Flame Resistant Bottoms
349,KEL2LB RG XXL - Light Blue Flame Resistant Outerwear
350,KEW2VG RG S - Visual Green Green Flame Resistant Outerwear
351,KK26 - Electronic Blue Outerwear
352,KK26 - White Outerwear
353,KK28 - Electronic Blue Outerwear
354,KK28 - White Outerwear
355,KNL2RB RG XXL - Royal Blue Flame Resistant Outerwear
356,KP10 - Light Blue Outerwear
357,KP10 - Navy Outerwear
358,KP10 - Royal Blue Outerwear
359,KP10 - White Outerwear
360,KP10RD - Red Outerwear
361,KP11 - White Medical
362,KP13P - Light Blue Medical
363,KP13P - Navy Medical
364,KP13P - White Medical
365,KP14 - Light Blue Outerwear
366,KP14 - Light Grey Outerwear
367,KP14 - Navy Outerwear
368,KP14 - White Outerwear
369,KP16 - White Outerwear
370,KP17 - White Medical
371,KP18 - Light Blue Outerwear
372,KP18 - White Outerwear
373,KP38 - White Outerwear
374,KP43P - Navy Hospitality
375,KP43P - White Hospitality
376,KP44 - Navy Outerwear
377,KP44 - White Outerwear
378,KP70 - White Outerwear
379,KP72 - White Outerwear
380,KS58 - White Outerwear
381,KS60 - White Outerwear
382,KS62 - White Outerwear
383,KS64 - White Outerwear
384,KT18 - White Outerwear
385,KT30 - Charcoal Outerwear
386,KT30 - Navy Outerwear
387,KT30 - Postman Blue Outerwear
388,KT33 - White Medical
389,KT34 - White Outerwear
390,KT50 - White Outerwear
391,KT74 - White With Black Trim Uniforms Jackets
392,KT76 - Black Uniforms Jackets
393,KT80 - White Uniforms Jackets
394,KV30 - White Uniforms Jackets
395,LLS2BD RG S - Brown Duck Flame Resistant Outerwear
396,LML2GY RG 3XL - Grey Flame Resistant Outerwear
397,LMS6NV RG 3XL - Navy Flame Resistant Outerwear
398,LN30 - Black Outerwear
399,LNL2NV LN M - Navy Flame Resistant Outerwear
400,LNS2NV LN XXL - Navy Flame Resistant Outerwear
401,MPU4GY SS XL - Grey Flame Resistant Tops
402,MPU8GY RG 5XL - Grey Flame Resistant Tops
403,NP12 - Red Accessories
404,NP12 - Royal Blue Accessories
405,NP12 - White Accessories
406,PC20 - Brown Pants
407,PC20 - Charcoal Pants
408,PC20 - Dark Navy Pants
409,PC20 - Graphite Grey Pants
410,PC20 - Khaki Pants
411,PC20 - Navy Pants
412,PC20 - Spruce Green Pants
413,PC20ENBT - Enhanced Visibility Dark Navy Pants
414,PC44 - Black Pants
415,PC44 - Khaki Pants
416,PC44 - Navy Pants
417,PC45 - Black Industrial
418,PC45 - Khaki Industrial
419,PC45 - Navy Industrial
420,PC46 - Black Pants
421,PC46 - Khaki Pants
422,PC46 - Navy Pants
423,PC54 - Black Uniforms Bottoms
424,PC54 - White/Black Check Uniforms Bottoms
425,PC76 - Khaki Pants
426,PC76 - Navy Pants
427,PC80 - White Pants
428,PC86 - Khaki Shorts
429,PC86 - Navy Shorts
430,PD30 - Brown Duck Jeans
431,PD30 - Navy Duck Jeans
432,PD40 - Indigo Jeans
433,PD52 - Rigid Denim Jeans
434,PD54 - Prewashed Indigo Jeans
435,PD60 - Prewash With Yellow/Green Visibility Trim Jeans
436,PD60 - Prewashed Black Jeans
437,PD60 - Prewashed Indigo Jeans
438,PD60 - Stonewash Jeans
439,PD63 - Blue Industrial
440,PD80 - Dark Wash Jeans
441,PD80 - Stonewash Jeans
442,PEJ2DD 28 30 - Dark Denim Flame Resistant Bottoms
443,PEJ2NV 50 34 - Navy Flame Resistant Bottoms
444,PEJ3DW 16 32 - Blue Denim Bottoms and Overalls
445,PEJ4DW 48 34 - Blue Denim Flame Resistant Bottoms
446,PEJ6SW 38 34 - Stone-wash Flame Resistant Bottoms
447,PEJ8DW 50 34 - Blue Denim Flame Resistant Bottoms
448,PEJ8SW 50 34 - Stone-wash Flame Resistant Bottoms
449,PEJMSD 50 34 - Sanded Denim Flame Resistant Bottoms
450,PEJWSD 10 30 - Sanded Denim Bottoms and Overalls
451,PEW2CH 48 34 - Charcoal Flame Resistant Bottoms
452,PEW2KH 50 34 - Khaki Flame Resistant Bottoms
453,PEW2NV 30 34 - Navy Flame Resistant Bottoms
454,PEW2VG 50 34 - Visual Green Flame Resistant Bottoms
455,PLJ8BD 50 34 - Brown Duck Flame Resistant Bottoms
456,PLJ8NV 50 34 - Navy Duck Flame Resistant Bottoms
457,PLJ8OL 50 34 - Olive Duck Flame Resistant Bottoms
458,PLW2NV 50 34 - Navy Flame Resistant Bottoms
459,PMU2NV 52 32 - Navy Flame Resistant Bottoms
460,PMW4KH 50 32 - Khaki Flame Resistant Bottoms
461,PMW4NV 50 32 - Navy Flame Resistant Bottoms
462,PNJ8RB 50 34 - Royal Blue Flame Resistant Bottoms
463,PNW2NV 48 30 - Navy Flame Resistant Bottoms
464,PNW2RB 50 34 - Royal Blue Flame Resistant Bottoms
465,PP73 - Navy Industrial
466,PP73 - White Industrial
467,PS54 - Black Uniforms Bottoms
468,PS54 - Chalk Stripe Uniforms Bottoms
469,PS54 - White/Black Check Uniforms Bottoms
470,PS56 - White Pants
471,PS64 - Black/white Check Uniforms Bottoms
472,PT10 - Black Pants
473,PT10 - Brown Pants
474,PT10 - Charcoal Pants
475,PT10 - Grey Pants
476,PT10 - Navy Pants
477,PT10 - Postman Blue Pants
478,PT10 - Royal Blue Pants
479,PT10 - Spruce Green Pants
480,PT10 - Tan Pants
481,PT10 - White Pants
482,PT20 - Black Pants
483,PT20 - Brown Pants
484,PT20 - Charcoal Pants
485,PT20 - Khaki Pants
486,PT20 - Navy Pants
487,PT20 - Navy With Yellow/Green Visibility Trim Pants
488,PT20 - Spruce Green Pants
489,PT20 - White Pants
490,PT21 - Black Industrial
491,PT21P - Charcoal Industrial
492,PT21P - Khaki Industrial
493,PT21P - Navy Industrial
494,PT26 - Black Shorts
495,PT26 - Brown Shorts
496,PT26 - Charcoal Shorts
497,PT26 - Navy Shorts
498,PT26 - Spruce Green Shorts
499,PT26 - Tan Shorts
500,PT27 - Black Hospitality
501,PT27 - Charcoal Hospitality
502,PT27 - Navy Hospitality
503,PT27P - Tan Hospitality
504,PT2A - Black Pants
505,PT2A - Charcoal Pants
506,PT2A - Navy Pants
507,PT2C - Black Pants
508,PT2C - Charcoal Pants
509,PT2C - Khaki Pants
510,PT2C - Navy Pants
511,PT32 - Black Pants
512,PT32 - Charcoal Pants
513,PT32 - Khaki Pants
514,PT32 - Navy Pants
515,PT34 - Black Shorts
516,PT34 - Charcoal Shorts
517,PT34 - Khaki Shorts
518,PT34 - Navy Shorts
519,PT38 - Black Pants
520,PT38 - Charcoal Pants
521,PT38 - Khaki Pants
522,PT38 - Navy Pants
523,PT39 - Black Hospitality
524,PT39 - Khaki Hospitality
525,PT39 - Navy Hospitality
526,PT42 - Charcoal Shorts
527,PT42 - Khaki Shorts
528,PT42 - Navy Shorts
529,PT4A - Black Shorts
530,PT4A - Charcoal Shorts
531,PT4A - Navy Shorts
532,PT4C - Black Shorts
533,PT4C - Charcoal Shorts
534,PT4C - Khaki Shorts
535,PT4C - Navy Shorts
536,PT50 - Charcoal Pants
537,PT50 - Chocolate Brown Pants
538,PT50 - Navy Pants
539,PT50 - Spruce Green Pants
540,PT55 - Black Uniforms Bottoms
541,PT55 - Black/white Check Uniforms Bottoms
542,PT56 - White Pants
543,PT59P - Charcoal Hospitality
544,PT59P - Navy Hospitality
545,PT59P - Spruce Green Hospitality
546,PT59P - Tan Hospitality
547,PT59P - White Hospitality
548,PT60 - Black Pants
549,PT60 - Brown Pants
550,PT60 - Charcoal Pants
551,PT60 - Khaki Pants
552,PT60 - Navy Pants
553,PT60 - Spruce Green Pants
554,PT60 - Tan Pants
555,PT60 - White Pants
556,PT61P - Black Hospitality
557,PT61P - Charcoal Hospitality
558,PT61P - Khaki Hospitality
559,PT61P - Navy Hospitality
560,PT61P - White Hospitality
561,PT62 - Black Uniforms Bottoms
562,PT62 - Charcoal Uniforms Bottoms
563,PT62 - Khaki Uniforms Bottoms
564,PT62 - Navy Uniforms Bottoms
565,PT88 - Black Pants
566,PT88 - Charcoal Pants
567,PT88 - Khaki Pants
568,PT88 - Navy Pants
569,PT89 - Black Industrial
570,PT89 - Khaki Industrial
571,PT89 - Navy Industrial
572,PZ20 - Black Pants
573,PZ20 - Navy Pants
574,PZ33 - Black Industrial
575,PZ33 - Charcoal Industrial
576,PZ33 - Khaki Industrial
577,PZ33 - Navy Industrial
578,QT10 - Black Flame Resistant Tops
579,QT10 - Blue Flame Resistant Tops
580,QT10 - Charcoal Flame Resistant Tops
581,QT10 - Dark Blue Flame Resistant Tops
582,QT10 - Red Flame Resistant Tops
583,QT10 - Tan Flame Resistant Tops
584,QT11 - Black Tops and Sweaters
585,QT11 - Blue Tops and Sweaters
586,QT11 - Charcoal Tops and Sweaters
587,QT11 - Dark Blue Tops and Sweaters
588,QT11 - Red Tops and Sweaters
589,QT11 - Tan Tops and Sweaters
590,QT12 - Black Flame Resistant Tops
591,QT12 - Blue Flame Resistant Tops
592,QT12 - Dark Blue Flame Resistant Tops
593,QT12 - Tan Flame Resistant Tops
594,QT12BT - Charcoal Flame Resistant Tops
595,QT12BT - Red Flame Resistant Tops
596,QT20 - Black Flame Resistant Tops
597,QT20 - Blue Flame Resistant Tops
598,QT20 - Charcoal Flame Resistant Tops
599,QT20BT - Dark Blue Flame Resistant Tops
600,QT20BT - Red Flame Resistant Tops
601,QT20BT - Tan Flame Resistant Tops
602,QT30 - Black Flame Resistant Tops
603,QT30 - Blue Flame Resistant Tops
604,QT30 - Charcoal Flame Resistant Tops
605,QT30 - Dark Blue Flame Resistant Tops
606,QT30 - Red Flame Resistant Tops
607,QT30 - Tan Flame Resistant Tops
608,QT32 - Blue Flame Resistant Tops
609,QT32 - Charcoal Flame Resistant Tops
610,QT32BT - Black Flame Resistant Tops
611,QT32BT - Dark Blue Flame Resistant Tops
612,QT32BT - Red Flame Resistant Tops
613,QT32BT - Tan Flame Resistant Tops
614,RD60 - Medium Wash Jeans
615,RH10 - Bark Brown Sweatshirts/Hoodies
616,RH10 - Iron Heather Sweatshirts/Hoodies
617,RH20 - Bark Brown Sweatshirts/Hoodies
618,RH20 - Iron Heather Sweatshirts/Hoodies
619,RT30 - Enamel Blue Knit Tops
620,RT30 - Steel Grey Knit Tops
621,RT32 - Safety Grey Knit Tops
622,RT32SY - Safety Yellow High Visibility Tops
623,SB12 - Petrol Blue/Navy Woven Shirts
624,SB22 - Petrol Blue/Navy Woven Shirts
625,SC14 - Light Blue Woven Shirts
626,SC16 - Light Blue Woven Shirts
627,SC16 - Navy Woven Shirts
628,SC16 - White Woven Shirts
629,SC24 - Light Blue Woven Shirts
630,SC30 - Dark Navy Woven Shirts
631,SC30 - Khaki Woven Shirts
632,SC30 - Light Blue Woven Shirts
633,SC30 - Navy Woven Shirts
634,SC30 - Orange Woven Shirts
635,SC30 - Postman Blue Woven Shirts
636,SC30 - Spruce Green Woven Shirts
637,SC30 - White Woven Shirts
638,SC30-2 - Graphite Grey Woven Shirts
639,SC30EG - Grey With Yellow/Green Visibility Trim Woven Shirts
640,SC30EN - Navy With Yellow/Green Visibility Trim Woven Shirts
641,SC40 - Graphite Grey Woven Shirts
642,SC40 - Grey With Yellow/Green Visibility Trim Woven Shirts
643,SC40 - Light Blue Woven Shirts
644,SC40 - Navy With Yellow/Green Visibility Trim Woven Shirts
645,SC40 - Navy Woven Shirts
646,SC40 - Spruce Green Woven Shirts
647,SC40DN - Dark Navy Woven Shirts
648,SC40KH - Khaki Woven Shirts
649,SC40OR - Orange Woven Shirts
650,SC40PB - Postman Blue Woven Shirts
651,SC40WH - White Woven Shirts
652,SC64NV - Navy/Stone Woven Shirts
653,SC64ST - Stone/Navy Woven Shirts
654,SC70 - Charcoal Woven Shirts
655,SC70 - Dark Navy Woven Shirts
656,SC70 - Khaki Woven Shirts
657,SC74NV - Navy/Stone Woven Shirts
658,SC74ST - Stone/Navy Woven Shirts
659,SD78 - Denim Woven Shirts
660,SEG6KH LN XXL - Khaki Flame Resistant Tops
661,SEG6LB RG 3XL - Light Blue Flame Resistant Tops
662,SEK2NV RG 3XL - Navy Flame Resistant Tops
663,SEL2GY RG XXL - Grey Flame Resistant Tops
664,SEL2KH LN XXL - Khaki Flame Resistant Tops
665,SEL2LB RG S - Light Blue Flame Resistant Tops
666,SEL2NV RG 4XL - Navy Flame Resistant Tops
667,SEL2OR RG 4XL - Orange Flame Resistant Tops
668,SEL3NV RG L - Navy Bottoms and Overalls
669,SES2RB LN XXL - Royal Blue Flame Resistant Tops
670,SES2TN LN XXL - Tan Flame Resistant Tops
671,SET2GY RG 4XL - Grey Flame Resistant Tops
672,SET8GY SS L - Grey Flame Resistant Tops
673,SET8NV SS 4XL - Navy Flame Resistant Tops
674,SEU2WB LN XXL - White/Blue Stripe Flame Resistant Tops
675,SEW2KH LN M - Khaki Flame Resistant Tops
676,SEW2LB RG S - Light Blue Flame Resistant Tops
677,SEW2NV LN M - Navy Flame Resistant Tops
678,SEW2SY LN XXL - Silver Grey Flame Resistant Tops
679,SH10 - Charcoal Uniforms Tops
680,SH10 - Navy Uniforms Tops
681,SH20 - Charcoal Uniforms Tops
682,SH20 - Navy Uniforms Tops
683,SK02 - Ash Knit Tops
684,SK02 - Black Knit Tops
685,SK02 - Burgundy Knit Tops
686,SK02 - Hunter Green Knit Tops
687,SK02 - Khaki Knit Tops
688,SK02 - Medium Blue Knit Tops
689,SK02 - Navy Knit Tops
690,SK02 - Red Knit Tops
691,SK02 - Royal Blue Knit Tops
692,SK02 - White Knit Tops
693,SK08 - Black/Grey Knit Tops
694,SK08 - Charcoal/Blue Knit Tops
695,SK08 - Navy/Stone Knit Tops
696,SK11 - Royal Blue Industrial
697,SK11P - Khaki Industrial
698,SK14 - Burgundy/Navy Knit Tops
699,SK14 - Hunter/Tan Knit Tops
700,SK14 - Light Grey/Black Knit Tops
701,SK14 - Tan/Black Knit Tops
702,SK28 - Black Knit Tops
703,SK28 - Burgundy Knit Tops
704,SK28 - Hunter Green Knit Tops
705,SK28 - Light Blue Knit Tops
706,SK28 - Light Grey Knit Tops
707,SK28 - Navy Knit Tops
708,SK28 - Red Knit Tops
709,SK28 - Royal Blue Knit Tops
710,SK28 - White Knit Tops
711,SK50 - Black Knit Tops
712,SK50 - Medium Blue Knit Tops
713,SK50 - Navy Knit Tops
714,SK52 - Black/Charcoal Knit Tops
715,SK52 - Burgundy/Black Knit Tops
716,SK52 - Moss Green/Navy Knit Tops
717,SK52 - Navy/Medium Blue Knit Tops
718,SK58 - Light Blue Knit Tops
719,SK58 - Navy Knit Tops
720,SK58 - White Knit Tops
721,SK72 - Black Knit Tops
722,SK72 - Burgundy Knit Tops
723,SK72 - Emerald Knit Tops
724,SK72 - Gold Knit Tops
725,SK72 - Jade Knit Tops
726,SK72 - Khaki Knit Tops
727,SK72 - Light Blue Knit Tops
728,SK72 - Marine Blue Knit Tops
729,SK72 - Navy Knit Tops
730,SK72 - Red Knit Tops
731,SK72 - Royal Blue Knit Tops
732,SK72 - Silver Knit Tops
733,SK72 - White Knit Tops
734,SK80 - Black Knit Tops
735,SK80 - Grey Knit Tops
736,SK80 - Medium Blue Knit Tops
737,SK80 - Navy Knit Tops
738,SK81 - Grey Tops and Sweaters
739,SK81 - Medium Blue Tops and Sweaters
740,SK81 - Navy Tops and Sweaters
741,SK81BT - Black Tops and Sweaters
742,SK82 - Black Knit Tops
743,SK82 - Khaki Knit Tops
744,SK82 - Light Blue Knit Tops
745,SK82 - Navy Knit Tops
746,SK82 - Red Knit Tops
747,SK82 - Royal Blue Knit Tops
748,SK82 - White Knit Tops
749,SK90 - Black Knit Tops
750,SK90 - Medium Blue Knit Tops
751,SK90 - Red Knit Tops
752,SK90 - Royal Blue Knit Tops
753,SK90 - Tan Knit Tops
754,SK90 - White Knit Tops
755,SK90BT - Grey Knit Tops
756,SK90BT - Navy Knit Tops
757,SK91 - Grey Tops and Sweaters
758,SK91 - Medium Blue Tops and Sweaters
759,SK91 - Navy Tops and Sweaters
760,SK91 - Royal Blue Tops and Sweaters
761,SK91 - Tan Tops and Sweaters
762,SK91BT - Black Tops and Sweaters
763,SK91BT - Red Tops and Sweaters
764,SK91BT - White Tops and Sweaters
765,SK92 - Black Knit Tops
766,SK92 - Grey Knit Tops
767,SK92 - Medium Blue Knit Tops
768,SK92 - Navy Knit Tops
769,SK92 - Red Knit Tops
770,SK92 - Royal Blue Knit Tops
771,SK92 - Tan Knit Tops
772,SK92 - White Knit Tops
773,SK94 - Black/cream Knit Tops
774,SK94 - Navy/cream Knit Tops
775,SL10 - Blue/White Stripe Woven Shirts
776,SL20 - Blue/White Stripe Woven Shirts
777,SL50 - White/Blue Pin Stripe Uniforms Tops
778,SL60 - White/Blue Pin Stripe Uniforms Tops
779,SLD6 - Burgundy Flame Resistant Tops
780,SLD6 - Teal Flame Resistant Tops
781,SLG8HN RG 3XL - Hunter/Navy Plaid Flame Resistant Tops
782,SLG8RK RG S - Red/Khaki Plaid Flame Resistant Tops
783,SLS2LB RG M - Light Blue Flame Resistant Tops
784,SLU2KH LN M - Khaki Flame Resistant Tops
785,SLU2LB LN L - Light Blue Flame Resistant Tops
786,SLU2NV LN M - Navy Flame Resistant Tops
787,SLU2RB LN M - Royal Blue Flame Resistant Tops
788,SLU2SY RG S - Silver Grey Flame Resistant Tops
789,SLU3KH RG M - Khaki Flame Resistant Tops
790,SLU4 - Grey Flame Resistant Tops
791,SLU4 - Khaki Flame Resistant Tops
792,SLU6CY RG 3XL - Blue Chambray Flame Resistant Tops
793,SLU8GY RG S - Grey Flame Resistant Tops
794,SLU8KH RG 3XL - Khaki Flame Resistant Tops
795,SLU8LB RG 3XL - Light Blue Flame Resistant Tops
796,SLU8NV LN XXL - Navy Flame Resistant Tops
797,SLW2KH LN L - Khaki Flame Resistant Tops
798,SLW2LB LN XL - Light Blue Flame Resistant Tops
799,SLW2NV RG S - Navy Flame Resistant Tops
800,SMH2NV LN 3XL - Navy Flame Resistant Tops
801,SMH6NV RG S - Navy Flame Resistant Tops
802,SMT4NV RG 4XL - Navy Flame Resistant Tops
803,SMU2KH RG XXL - Khaki Flame Resistant Tops
804,SMU2LB RG XXL - Light Blue Flame Resistant Tops
805,SMU2NV RG XXL - Navy Flame Resistant Tops
806,SMU3LB RG XL - Light Blue Flame Resistant Tops
807,SMU4GY RG 3XL - Grey Flame Resistant Tops
808,SMU4KH RG M - Khaki Flame Resistant Tops
809,SMU4LB RG 3XL - Light Blue Flame Resistant Tops
810,SMW4HV RG M - Yellow/Green Flame Resistant Tops
811,SMZ6NV RG S - Navy Flame Resistant Tops
812,SND2GB RG XXL - Gulf Blue Flame Resistant Tops
813,SND2NV RG XXL - Navy Flame Resistant Tops
814,SND2RB RG XXL - Royal Blue Flame Resistant Tops
815,SND2TN LN L - Tan Flame Resistant Tops
816,SNS2RB RG 3XL - Royal Blue Flame Resistant Tops
817,SNS2TN RG S - Tan Flame Resistant Tops
818,SNS6RB RG XXL - Royal Blue Flame Resistant Tops
819,SP04 - White/Black Uniforms Tops
820,SP06 - White With Black/White Check Uniforms Tops
821,SP08 - Black/White Check Uniforms Tops
822,SP10 - Blue With Brown/white Stripe Woven Shirts
823,SP10 - Blue/Charcoal Uniforms Tops
824,SP10 - Gm Blue/White Stripe Woven Shirts
825,SP10 - Green/Khaki Stripe Woven Shirts
826,SP10 - Hunter/Khaki Check Uniforms Tops
827,SP10 - Khaki/Black Check Uniforms Tops
828,SP10 - Light Blue/Navy Stripe Woven Shirts
829,SP10 - White/Charcoal Stripe Woven Shirts
830,SP10 - White/Green Stripe Woven Shirts
831,SP10GI - Charcoal With Blue/White Stripe Woven Shirts
832,SP13P - Blue Industrial
833,SP13P - Light Blue Industrial
834,SP13P - Navy Industrial
835,SP13P - White Industrial
836,SP14 - Black Woven Shirts
837,SP14 - Blue/Charcoal Woven Shirts
838,SP14 - Burgundy Woven Shirts
839,SP14 - Charcoal Woven Shirts
840,SP14 - Charcoal/Red Twin Stripe Woven Shirts
841,SP14 - Charcoal/red/white Stripe Woven Shirts
842,SP14 - Chocolate Brown Woven Shirts
843,SP14 - Dark Blue Woven Shirts
844,SP14 - Denim Blue Micro Check Woven Shirts
845,SP14 - Grey With Yellow/Green Visibility Trim Woven Shirts
846,SP14 - Grey Woven Shirts
847,SP14 - Grey/Black With Red/White Woven Shirts
848,SP14 - Grey/blue Stripe Woven Shirts
849,SP14 - Khaki Woven Shirts
850,SP14 - Khaki/Black Woven Shirts
851,SP14 - Light Blue Woven Shirts
852,SP14 - Light Green Woven Shirts
853,SP14 - Light Grey With Trim Woven Shirts
854,SP14 - Light Grey Woven Shirts
855,SP14 - Light Tan Woven Shirts
856,SP14 - Medium Blue/Light Blue Twin Stripe Woven Shirts
857,SP14 - Navy With Orange Visibility Trim Woven Shirts
858,SP14 - Navy With Yellow/Green Visibility Trim Woven Shirts
859,SP14 - Navy Woven Shirts
860,SP14 - Navy/Khaki Stripe Woven Shirts
861,SP14 - Navy/Light Blue Twin Stripe Woven Shirts
862,SP14 - Navy/Red Stripe Woven Shirts
863,SP14 - Navy/Red/Light Grey Woven Shirts
864,SP14 - Orange Woven Shirts
865,SP14 - Petrol Blue Woven Shirts
866,SP14 - Postman Blue Woven Shirts
867,SP14 - Red Woven Shirts
868,SP14 - Royal Blue Woven Shirts
869,SP14 - Silver Grey Woven Shirts
870,SP14 - Spruce Green Woven Shirts
871,SP14 - White Woven Shirts
872,SP14 - Yellow Woven Shirts
873,SP15 - White Industrial
874,SP16LA - Light Grey Woven Shirts
875,SP16LB - Light Blue Woven Shirts
876,SP16LT - Light Tan Woven Shirts
877,SP16NV - Navy Woven Shirts
878,SP16WH - White Woven Shirts
879,SP18 - Navy/Post Blue Woven Shirts
880,SP18 - Red/Navy Woven Shirts
881,SP18 - Silver/Black Woven Shirts
882,SP20 - Blue With Brown/white Stripe Woven Shirts
883,SP20 - Blue/Charcoal Uniforms Tops
884,SP20 - Gm Blue/White Stripe Woven Shirts
885,SP20 - Hunter/Khaki Check Uniforms Tops
886,SP20 - Khaki/black Check Uniforms Tops
887,SP20 - Light Blue/Navy Stripe Woven Shirts
888,SP20 - White/charcoal Stripe Woven Shirts
889,SP20 - White/green Stripe Woven Shirts
890,SP20GI - Charcoal With Blue/White Stripe Woven Shirts
891,SP20GK - Green/Khaki Woven Shirts
892,SP23P - Blue Industrial
893,SP23P - Light Blue Industrial
894,SP23P - Navy Industrial
895,SP23P - White Industrial
896,SP24 - Black Woven Shirts
897,SP24 - Blue/Charcoal Woven Shirts
898,SP24 - Burgundy Woven Shirts
899,SP24 - Charcoal Woven Shirts
900,SP24 - Charcoal/Red Twin Stripe Woven Shirts
901,SP24 - Charcoal/red/white Stripe Woven Shirts
902,SP24 - Chocolate Brown Woven Shirts
903,SP24 - Dark Blue Woven Shirts
904,SP24 - Denim Blue Micro Check Woven Shirts
905,SP24 - Grey With Yellow/Green Visibility Trim Woven Shirts
906,SP24 - Grey Woven Shirts
907,SP24 - Grey/blue Stripe Woven Shirts
908,SP24 - Khaki Woven Shirts
909,SP24 - Khaki/black Woven Shirts
910,SP24 - Light Blue Woven Shirts
911,SP24 - Light Green Woven Shirts
912,SP24 - Light Grey With Trim Woven Shirts
913,SP24 - Light Grey Woven Shirts
914,SP24 - Light Tan Woven Shirts
915,SP24 - Medium Blue/Light Blue Twin Stripe Woven Shirts
916,SP24 - Navy With Orange Visibility Trim Woven Shirts
917,SP24 - Navy With Yellow/Green Visibility Trim Woven Shirts
918,SP24 - Navy Woven Shirts
919,SP24 - Navy/Khaki Stripe Woven Shirts
920,SP24 - Navy/light Blue Twin Stripe Woven Shirts
921,SP24 - Navy/red Stripe Woven Shirts
922,SP24 - Navy/Red/Light Grey Woven Shirts
923,SP24 - Orange Woven Shirts
924,SP24 - Petrol Blue Woven Shirts
925,SP24 - Postman Blue Woven Shirts
926,SP24 - Red Woven Shirts
927,SP24 - Royal Blue Woven Shirts
928,SP24 - Silver Grey Woven Shirts
929,SP24 - Spruce Green Woven Shirts
930,SP24 - White Woven Shirts
931,SP24 - Yellow Woven Shirts
932,SP25P - Light Blue Industrial
933,SP25P - White Industrial
934,SP26LA - Light Grey Woven Shirts
935,SP26LB - Light Blue Woven Shirts
936,SP26LT - Light Tan Woven Shirts
937,SP26NV - Navy Woven Shirts
938,SP26WH - White Woven Shirts
939,SP28 - Navy/Post Blue Woven Shirts
940,SP28 - Red/Navy Woven Shirts
941,SP28 - Silver/black Woven Shirts
942,SP35 - White Woven Shirts
943,SP36 - Dark Navy Uniforms Tops
944,SP36 - Medium Blue Uniforms Tops
945,SP36 - White Uniforms Tops
946,SP46BT - Dark Navy Uniforms Tops
947,SP46BT - Medium Blue Uniforms Tops
948,SP46BT - White Uniforms Tops
949,SP50CW - White/Charcoal Stripe Uniforms Tops
950,SP50LA - Light Grey Uniforms Tops
951,SP50LT - Light Tan Uniforms Tops
952,SP50MB - Petrol Blue Uniforms Tops
953,SP50WH - White Uniforms Tops
954,SP56 - White Uniforms Tops
955,SP56BT - Khaki Uniforms Tops
956,SP56BT - Medium Blue Uniforms Tops
957,SP56BT - Navy Uniforms Tops
958,SP60CW - White/Charcoal Stripe Uniforms Tops
959,SP60LA - Light Grey Uniforms Tops
960,SP60LT - Light Tan Uniforms Tops
961,SP60MB - Petrol Blue Uniforms Tops
962,SP60WH - White Uniforms Tops
963,SP65 - Blue Hospitality
964,SP65 - White Hospitality
965,SP66 - Khaki Uniforms Tops
966,SP66 - White Uniforms Tops
967,SP66BT - Medium Blue Uniforms Tops
968,SP66BT - Navy Uniforms Tops
969,SP74 - Grey/Blue Uniforms Tops
970,SP74 - White/Blue Uniforms Tops
971,SP80 - Black Woven Shirts
972,SP80 - Burgundy Woven Shirts
973,SP80 - Khaki Woven Shirts
974,SP80 - Light Blue Woven Shirts
975,SP80 - Navy Woven Shirts
976,SP80 - Red Woven Shirts
977,SP80 - Royal Blue Woven Shirts
978,SP80 - Silver Grey Woven Shirts
979,SP80 - White Woven Shirts
980,SP81 - Black Hospitality
981,SP81 - Burgundy Hospitality
982,SP81 - Khaki Hospitality
983,SP81 - Light Blue Hospitality
984,SP81 - Navy Hospitality
985,SP81 - Red Hospitality
986,SP81 - Royal Blue Hospitality
987,SP81 - White Hospitality
988,SP84 - Grey/Blue Uniforms Tops
989,SP84 - White/Blue Uniforms Tops
990,SP90BK - Black Woven Shirts
991,SP90BY - Burgundy Woven Shirts
992,SP90KH - Khaki Woven Shirts
993,SP90LB - Light Blue Woven Shirts
994,SP90NV - Navy Woven Shirts
995,SP90RB - Royal Blue Woven Shirts
996,SP90RD - Red Woven Shirts
997,SP90SV - Silver Grey Woven Shirts
998,SP90WH - White Woven Shirts
999,SP91 - Burgundy Hospitality
1000,SP91 - Khaki Hospitality
1001,SP91 - Navy Hospitality
1002,SP91 - Red Hospitality
1003,SP91 - Royal Blue Hospitality
1004,SP91P - Black Hospitality
1005,SP91P - Light Blue Hospitality
1006,SP91P - White Hospitality
1007,SR60 - Blue/White Stripe Woven Shirts
1008,SR60 - Grey Stripe Woven Shirts
1009,SR60 - Light Blue Woven Shirts
1010,SR60 - Solid Grey Woven Shirts
1011,SR60 - White Woven Shirts
1012,SR60FB - French Blue Woven Shirts
1013,SR61 - Blue/White Stripe Hospitality
1014,SR61 - Gray Hospitality
1015,SR61 - Light Blue Hospitality
1016,SR61 - White Hospitality
1017,SR65 - French Blue Hospitality
1018,SR71 - Blue/White Stripe Hospitality
1019,SR71 - Gray Hospitality
1020,SR71 - Light Blue Hospitality
1021,SR71 - White Hospitality
1022,SR75P - French Blue Hospitality
1023,SS14 - Fluorescent Yellow/Green High Visibility Tops
1024,SS14OR - Fluorescent Orange Woven Shirts
1025,SS14YE - Fluorescent Yellow/green Woven Shirts
1026,SS16WH - White Woven Shirts
1027,SS24 - Fluorescent Yellow/Green High Visibility Tops
1028,SS24OR - Fluorescent Orange Woven Shirts
1029,SS24YE - Fluorescent Yellow/Green Woven Shirts
1030,SS26MB - Medium Blue Woven Shirts
1031,SS26WH - White Woven Shirts
1032,SS36LB - Light Blue Woven Shirts
1033,SS36WH - White Woven Shirts
1034,SS46LB - Light Blue Woven Shirts
1035,SS46WH - White Woven Shirts
1036,ST52 - Black Uniforms Tops
1037,ST52 - Charcoal Uniforms Tops
1038,ST52 - Khaki Uniforms Tops
1039,ST52 - Navy Uniforms Tops
1040,ST52 - Silver Uniforms Tops
1041,ST62 - Black Uniforms Tops
1042,ST62 - Charcoal Uniforms Tops
1043,ST62 - Khaki Uniforms Tops
1044,ST62 - Navy Uniforms Tops
1045,ST62 - Silver Uniforms Tops
1046,SWW2 - Silver Grey Flame Resistant Tops
1047,SY10 - Black/Charcoal Woven Shirts
1048,SY10 - Black/Red Woven Shirts
1049,SY10 - Charcoal/Grey Woven Shirts
1050,SY10 - Navy/Grey Woven Shirts
1051,SY20 - Black/charcoal Woven Shirts
1052,SY20 - Black/Red Woven Shirts
1053,SY20 - Charcoal/Blue Woven Shirts
1054,SY20 - Charcoal/grey Woven Shirts
1055,SY20 - Navy/Grey Woven Shirts
1056,SY50 - Black Woven Shirts
1057,SY50 - Charcoal Woven Shirts
1058,SY50 - Grey Woven Shirts
1059,SY50 - Khaki Woven Shirts
1060,SY50 - Light Blue Woven Shirts
1061,SY50 - Navy Woven Shirts
1062,SY60 - Black Woven Shirts
1063,SY60 - Charcoal Woven Shirts
1064,SY60 - Grey Woven Shirts
1065,SY60 - Khaki Woven Shirts
1066,SY60 - Light Blue Woven Shirts
1067,SY60 - Navy Woven Shirts
1068,TP11 - Navy Hospitality
1069,TP11 - White Hospitality
1070,TP23 - Red Hospitality
1071,TP23P - Light Blue Hospitality
1072,TP23P - Navy Hospitality
1073,TP23P - Tan Hospitality
1074,TP23P - White Hospitality
1075,TP27P - Light Blue Hospitality
1076,TP27P - White Hospitality
1077,TP31 - Navy Hospitality
1078,TP31 - Royal Blue Hospitality
1079,TP31P - Light Blue Hospitality
1080,TP31P - Red Hospitality
1081,TP31P - White Hospitality
1082,TP61 - Black Accessories
1083,TP61 - Kelly Green Accessories
1084,TP61 - Light Blue Accessories
1085,TP61 - Navy Accessories
1086,TP61 - Red Accessories
1087,TP61 - Royal Blue Accessories
1088,TP61 - Tan Accessories
1089,TT34 - Black Accessories
1090,TT34 - White Accessories
1091,TT38 - Black Accessories
1092,VD22 - Brown Duck Vests
1093,VD22 - Navy Duck Vests
1094,VMV8HV RG M - Yellow/Green Flame Resistant Outerwear
1095,VT22 - Charcoal Vests
1096,VT22 - Navy Vests
1097,WJ40 - Black Outerwear
1098,WJ40 - Charcoal Outerwear
1099,WJ40 - Navy Outerwear
1100,WP10 - Light Blue Outerwear
1101,WP10 - Navy Outerwear
1102,WP10 - Red Outerwear
1103,WP10 - Royal Blue Outerwear
1104,WP10 - White Outerwear
1105,WP18LB - Light Blue Outerwear
1106,WP18NV - Navy Outerwear
1107,WP18WH - White Outerwear
1108,WP70 - Black Pants
1109,WP70 - Charcoal Pants
1110,WP70 - Khaki Pants
1111,WP70 - Navy Pants
1112,WP80 - Black Pants
1113,WP80 - Charcoal Pants
1114,WP80 - Khaki Pants
1115,WP80 - Navy Pants
1116,WP82 - Black Pants
1117,WP82 - Charcoal Pants
1118,WP82 - Khaki Pants
1119,WP82 - Navy Pants
1120,WP90 - Black Shorts
1121,WP90 - Charcoal Shorts
1122,WP90 - Khaki Shorts
1123,WP90 - Navy Shorts
1124,WP92 - Black Shorts
1125,WP92 - Charcoal Shorts
1126,WP92 - Khaki Shorts
1127,WP92 - Navy Shorts
1128,WS10 - Black Woven Shirts
1129,WS10 - Charcoal Woven Shirts
1130,WS10 - Chocolate Brown Woven Shirts
1131,WS10 - Khaki Woven Shirts
1132,WS10 - Light Blue Woven Shirts
1133,WS10 - Navy Woven Shirts
1134,WS10 - Olive Green Woven Shirts
1135,WS10 - Silver Grey Woven Shirts
1136,WS10 - White Woven Shirts
1137,WS20 - Black Woven Shirts
1138,WS20 - Charcoal Woven Shirts
1139,WS20 - Chocolate Brown Woven Shirts
1140,WS20 - Khaki Woven Shirts
1141,WS20 - Light Blue Woven Shirts
1142,WS20 - Navy Woven Shirts
1143,WS20 - Olive Green Woven Shirts
1144,WS20 - Silver Grey Woven Shirts
1145,WS20 - White Woven Shirts
1146,WS50 - White Outerwear
1147,WT50 - White Outerwear
1148,Grand Total