LotDescription,Parent#,Revenue,ParentID,LotID
CED2NV RG 60 - Navy Flame Resistant Bottoms,B00JIL6QTG,276170.69000000006,387,234
CED2KH RG 58 - Khaki Flame Resistant Bottoms,B00JIL6QTG,4951.77,387,233
CED2OR LN 56 - Orange Flame Resistant Bottoms,B00JIL6QTG,4576.0,387,235
CED2RB RG 64 - Royal Blue Flame Resistant Bottoms,B00JIL6QTG,4485.26,387,236
5360 - Black Uniforms Bottoms,B00O7PBMG0,111618.48000000001,431,176
5360 - Black/White Check Uniforms Bottoms,B00O7PBMG0,2372.51,431,177
CT10 - Black Coveralls,B00O971DVA,83318.81000000001,485,270
CT10 - Orange Coveralls,B00O971DVA,68032.37,485,276
CT10 - Electric Blue Coveralls,B00O971DVA,41400.130000000005,485,273
CT10 - Navy Coveralls,B00O971DVA,37931.579999999994,485,274
CT10 - White Coveralls,B00O971DVA,26509.350000000002,485,279
CT10 - Charcoal Coveralls,B00O971DVA,25762.86,485,272
CT10 - Postman Blue Coveralls,B00O971DVA,13273.060000000001,485,277
CT10 - Spruce Green Coveralls,B00O971DVA,10243.490000000002,485,278
CT10 - Brown Coveralls,B00O971DVA,9327.11,485,271
SEW2NV LN M - Navy Flame Resistant Tops,B00HUA6JL2,65217.3,356,677
SEW2KH LN M - Khaki Flame Resistant Tops,B00HUA6JL2,25490.11,356,675
SEW2SY LN XXL - Silver Grey Flame Resistant Tops,B00HUA6JL2,13118.25,356,678
SEW2LB RG S - Light Blue Flame Resistant Tops,B00HUA6JL2,10749.310000000001,356,676
PEW2NV 30 34 - Navy Flame Resistant Bottoms,B00HUA5A26,64388.509999999995,346,453
PEW2CH 48 34 - Charcoal Flame Resistant Bottoms,B00HUA5A26,17560.6,346,451
PEW2KH 50 34 - Khaki Flame Resistant Bottoms,B00HUA5A26,9286.41,346,452
PEW2VG 50 34 - Visual Green Flame Resistant Bottoms,B00HUA5A26,1265.68,346,454
2020 - White Uniforms Bottoms,B00O7PBM6A,63422.229999999996,429,141
2020 - Black Uniforms Bottoms,B00O7PBM6A,25752.91,429,139
2020 - Black/white Check Uniforms Bottoms,B00O7PBM6A,5800.149999999999,429,140
413 - White Uniforms Jackets,B00O7PBRJW,61658.119999999995,440,154
KEL2LB RG XXL - Light Blue Flame Resistant Outerwear,B00HUA4F90,50391.729999999996,337,349
CP40 - Navy Coveralls,B00O971DU6,39819.26,484,268
CP40 - White Coveralls,B00O971DU6,24488.58,484,269
CP40 - Medium Blue Coveralls,B00O971DU6,8603.05,484,267
PEJ4DW 48 34 - Blue Denim Flame Resistant Bottoms,B00HUA514S,37074.37,344,445
PEJ4DW 48 34 - Blue Denim Flame Resistant Bottoms,B01ANEQOWK,3789.0299999999997,694,445
PEJ4DW 48 34 - Blue Denim Flame Resistant Bottoms,B01AQMI5OE,340.28000000000003,695,445
KT30 - Navy Outerwear,B00O971TWI,37009.61,503,386
KT30 - Charcoal Outerwear,B00O971TWI,23857.08,503,385
KT30 - Postman Blue Outerwear,B00O971TWI,4808.1,503,387
RD60 - Medium Wash Jeans,B019XDXKUG,36687.450000000004,673,614
CT16 - White Coveralls,B00O971EJ6,36655.32,487,280
AB12BK - Black Accessories,B00O97199Q,36420.73,473,199
CEC2NV RG 60 - Navy Flame Resistant Bottoms,B00JIL6OLG,36241.59,386,230
CEC2RB LN 50 - Royal Blue Flame Resistant Bottoms,B00JIL6OLG,4709.75,386,232
CEC2OR RG 52 - Orange Flame Resistant Bottoms,B00JIL6OLG,3843.3500000000004,386,231
CEC2KH RG 58 - Khaki Flame Resistant Bottoms,B00JIL6OLG,2780.2700000000004,386,229
5700 - White Outerwear,B00O9729B8,31493.17,522,178
CNC2NV LN 52 - Navy Flame Resistant Bottoms,B00JIL6UNS,28850.369999999995,390,263
CNC2TN LN 56 - Tan Flame Resistant Bottoms,B00JIL6UNS,4995.73,390,264
PT20 - Charcoal Pants,B00O4UYXSC,28636.04,407,484
PT20 - Charcoal Pants,B016TLE4B4,95.81,667,484
PT20 - Navy Pants,B00O4UYXSC,20861.66,407,486
PT20 - Black Pants,B00O4UYXSC,19256.67,407,482
PT20 - White Pants,B00O4UYXSC,9196.759999999998,407,489
PT20 - Spruce Green Pants,B00O4UYXSC,8215.060000000001,407,488
PT20 - Khaki Pants,B00O4UYXSC,7326.140000000002,407,485
PT20 - Brown Pants,B00O4UYXSC,5110.96,407,483
SP24 - Black Woven Shirts,B00O9734IK,26985.05,572,896
SP24 - Navy Woven Shirts,B00O9734IK,24682.739999999998,572,918
SP24 - Charcoal Woven Shirts,B00O9734IK,16022.96,572,899
SP24 - Grey Woven Shirts,B00O9734IK,9981.460000000001,572,906
SP24 - White Woven Shirts,B00O9734IK,7893.87,572,930
SP24 - Petrol Blue Woven Shirts,B00O9734IK,7230.099999999999,572,924
SP24 - Light Blue Woven Shirts,B00O9734IK,6126.81,572,910
SP24 - Light Grey Woven Shirts,B00O9734IK,5365.09,572,913
SP24 - Postman Blue Woven Shirts,B00O9734IK,5014.619999999999,572,925
SP24 - Burgundy Woven Shirts,B00O9734IK,4771.15,572,898
SP24 - Royal Blue Woven Shirts,B00O9734IK,4392.5199999999995,572,927
SP24 - Khaki Woven Shirts,B00O9734IK,4086.75,572,908
SP24 - Spruce Green Woven Shirts,B00O9734IK,4078.1600000000003,572,929
SP24 - Red Woven Shirts,B00O9734IK,3981.5800000000004,572,926
SP24 - Dark Blue Woven Shirts,B00O9734IK,3687.2299999999996,572,903
SP24 - Light Green Woven Shirts,B00O9734IK,3581.19,572,911
SP24 - Light Tan Woven Shirts,B00O9734IK,3202.16,572,914
SP24 - Silver Grey Woven Shirts,B00O9734IK,2943.12,572,928
SP24 - Orange Woven Shirts,B00O9734IK,2695.84,572,923
SP24 - Chocolate Brown Woven Shirts,B00O9734IK,2357.74,572,902
SP24 - Yellow Woven Shirts,B00O9734IK,280.47,572,931
CEB2NV RG 50 - Navy Flame Resistant Bottoms,B00HUA17KK,26823.57,315,227
CEB2RD RG 52 - Red Flame Resistant Bottoms,B00HUA17KK,10656.43,315,228
CEB2GY RG 54 - Medium Grey Flame Resistant Bottoms,B00HUA17KK,2287.16,315,226
PT2A - Navy Pants,B00O4UYXC8,24722.18,405,506
PT2A - Charcoal Pants,B00O4UYXC8,17819.5,405,505
PT2A - Black Pants,B00O4UYXC8,13216.1,405,504
KP70 - White Outerwear,B00O972BHU,24325.65,527,378
CNB2NV LN 44 - Navy Flame Resistant Bottoms,B00JIL6TEI,22550.500000000004,389,256
CNB2RB RG 44 - Royal Blue Flame Resistant Bottoms,B00JIL6TEI,4626.42,389,257
CNB2TN RG 46 - Tan Flame Resistant Bottoms,B00JIL6TEI,3984.5199999999995,389,258
SLU2KH LN M - Khaki Flame Resistant Tops,B00HUA6TBM,22068.55,357,784
SLU2NV LN M - Navy Flame Resistant Tops,B00HUA6TBM,10957.710000000001,357,786
SLU2NV LN M - Navy Flame Resistant Tops,B01FILNBSS,189.72,729,786
SLU2SY RG S - Silver Grey Flame Resistant Tops,B00HUA6TBM,5358.29,357,788
SLU2LB LN L - Light Blue Flame Resistant Tops,B00HUA6TBM,3164.88,357,785
SLU2RB LN M - Royal Blue Flame Resistant Tops,B00HUA6TBM,2010.1,357,787
WP80 - Black Pants,B00O4VXWZG,20856.61,421,1112
WP80 - Khaki Pants,B00O4VXWZG,17891.280000000002,421,1114
WP80 - Navy Pants,B00O4VXWZG,8897.220000000001,421,1115
WP80 - Charcoal Pants,B00O4VXWZG,8869.570000000002,421,1113
BD10 - Denim Bibs & Overalls,B00O9719KU,20474.69,476,201
PMU2NV 52 32 - Navy Flame Resistant Bottoms,B00HUA5OIQ,19854.93,348,459
MPU8GY RG 5XL - Grey Flame Resistant Tops,B00HRFUTUM,19208.56,307,402
KP18 - Light Blue Outerwear,B00O972BJ8,18628.489999999998,528,371
KP18 - White Outerwear,B00O972BJ8,7730.030000000001,528,372
PEJ8SW 50 34 - Stone-wash Flame Resistant Bottoms,B01FGWB3AW,17834.2,726,448
PEJ8DW 50 34 - Blue Denim Flame Resistant Bottoms,B01FGWB3AW,4857.86,726,447
SP24 - Navy With Yellow/Green Visibility Trim Woven Shirts,B00O9738YU,16329.17,576,917
SP24 - Navy With Yellow/Green Visibility Trim Woven Shirts,B01EP64DOS,2129.98,716,917
SP24 - Navy With Yellow/Green Visibility Trim Woven Shirts,B00DUDUCFC,331.68,296,917
SP24 - Grey With Yellow/Green Visibility Trim Woven Shirts,B00O9738YU,10395.91,576,905
SP24 - Grey With Yellow/Green Visibility Trim Woven Shirts,B01EP5X40S,173.38,715,905
SP24 - Grey With Yellow/Green Visibility Trim Woven Shirts,B00DUDU9NW,147.57,295,905
JT22 - Black Outerwear,B00O971MHK,15932.76,494,329
JT22 - Navy Outerwear,B00O971MHK,15675.79,494,332
JT22 - Charcoal Outerwear,B00O971MHK,12649.239999999998,494,331
JT22 - Brown Outerwear,B00O971MHK,5811.22,494,330
JT22 - Spruce Green Outerwear,B00O971MHK,2971.63,494,333
SY20 - Black/charcoal Woven Shirts,B00O973OM6,14475.18,600,1051
SY20 - Black/Red Woven Shirts,B00O973OM6,11323.67,600,1052
SY20 - Charcoal/Blue Woven Shirts,B00O973OM6,6019.48,600,1053
SY20 - Navy/Grey Woven Shirts,B00O973OM6,3692.1899999999996,600,1055
SY20 - Charcoal/grey Woven Shirts,B00O973OM6,2211.9700000000003,600,1054
PT88 - Navy Pants,B00O4UZCU0,14263.71,418,568
PT88 - Black Pants,B00O4UZCU0,8526.34,418,565
PT88 - Charcoal Pants,B00O4UZCU0,7407.39,418,566
PT88 - Khaki Pants,B00O4UZCU0,4290.65,418,567
CLB6NV RG 58 - Navy Flame Resistant Bottoms,B00HUA1ZQQ,14089.349999999999,318,244
CLB6KH RG 50 - Khaki Flame Resistant Bottoms,B00HUA1ZQQ,68.57,318,243
PD60 - Prewashed Indigo Jeans,B00O4UYUF8,13993.73,402,437
PD60 - Prewashed Black Jeans,B00O4UYUF8,7848.369999999999,402,436
PD60 - Stonewash Jeans,B00O4UYUF8,2861.28,402,438
SP14 - Navy Woven Shirts,B00O972ZAI,12765.189999999999,561,859
SP14 - Charcoal Woven Shirts,B00O972ZAI,7263.4,561,839
SP14 - Light Blue Woven Shirts,B00O972ZAI,6641.76,561,851
SP14 - Black Woven Shirts,B00O972ZAI,6318.46,561,836
SP14 - Spruce Green Woven Shirts,B00O972ZAI,5053.119999999999,561,870
SP14 - Light Tan Woven Shirts,B00O972ZAI,4976.2300000000005,561,855
SP14 - Grey Woven Shirts,B00O972ZAI,4746.78,561,846
SP14 - Light Grey Woven Shirts,B00O972ZAI,4037.0699999999997,561,854
SP14 - Red Woven Shirts,B00O972ZAI,2997.02,561,867
SP14 - White Woven Shirts,B00O972ZAI,2808.98,561,871
SP14 - Postman Blue Woven Shirts,B00O972ZAI,2776.61,561,866
SP14 - Royal Blue Woven Shirts,B00O972ZAI,2739.79,561,868
SP14 - Orange Woven Shirts,B00O972ZAI,2696.2,561,864
SP14 - Orange Woven Shirts,B004HSYYZI,191.63,1,864
SP14 - Light Green Woven Shirts,B00O972ZAI,2587.16,561,852
SP14 - Burgundy Woven Shirts,B00O972ZAI,2330.8500000000004,561,838
SP14 - Khaki Woven Shirts,B00O972ZAI,1983.3999999999999,561,849
SP14 - Chocolate Brown Woven Shirts,B00O972ZAI,1975.3899999999999,561,842
SP14 - Silver Grey Woven Shirts,B00O972ZAI,1826.7400000000002,561,869
SP14 - Dark Blue Woven Shirts,B00O972ZAI,1745.82,561,843
SP14 - Petrol Blue Woven Shirts,B00O972ZAI,1726.5099999999998,561,865
SP14 - Yellow Woven Shirts,B00O972ZAI,773.62,561,872
KNL2RB RG XXL - Royal Blue Flame Resistant Outerwear,B00HUA4IWY,12141.59,339,355
415 - White Uniforms Jackets,B00O7PBRMY,11981.099999999999,442,156
KP14 - Navy Outerwear,B00O9729CC,11932.58,523,367
KP14 - White Outerwear,B00O9729CC,5298.280000000001,523,368
KP14 - Light Grey Outerwear,B00O9729CC,2830.94,523,366
KP14 - Light Blue Outerwear,B00O9729CC,2188.96,523,365
CC16 - Postman Blue Coveralls,B00O971BKS,11545.03,479,219
CC16 - White Coveralls,B00O971BKS,10462.88,479,220
CC16 - Fisher Herringbone Coveralls,B00O971BKS,3494.7100000000005,479,217
CC16 - Navy Coveralls,B00O971BKS,3204.5200000000004,479,218
CC14 - Bleached White Coveralls,B00O971BKI,11392.92,478,212
CC14 - Navy Coveralls,B00O971BKI,8184.290000000001,478,214
CC14 - Orange Coveralls,B00O971BKI,8165.48,478,215
CC14 - Herringbone Coveralls,B00O971BKI,6214.59,478,213
CC14 - Postman Blue Coveralls,B00O971BKI,5247.16,478,216
PS54 - Black Uniforms Bottoms,B00O7PBNDM,10887.37,433,467
PS54 - Chalk Stripe Uniforms Bottoms,B00O7PBNDM,2665.98,433,468
PS54 - White/Black Check Uniforms Bottoms,B00O7PBNDM,559.5600000000001,433,469
SP24 - Navy/Red/Light Grey Woven Shirts,B00O9733YU,10757.82,570,922
PEJ2DD 28 30 - Dark Denim Flame Resistant Bottoms,B01FGWBDK2,10379.89,728,442
SP28 - Navy/Post Blue Woven Shirts,B00O973B24,10218.16,581,939
SP28 - Navy/Post Blue Woven Shirts,B00F4D15QQ,343.92,299,939
SP28 - Navy/Post Blue Woven Shirts,B00F4D139U,277.89,298,939
SP28 - Navy/Post Blue Woven Shirts,B00F4D17KU,196.42,300,939
SP28 - Navy/Post Blue Woven Shirts,B00F4D11WY,165.07,297,939
SP28 - Silver/black Woven Shirts,B00O973B24,7655.469999999999,581,941
SP28 - Silver/black Woven Shirts,B01EQE705S,1704.9900000000002,719,941
SP28 - Silver/black Woven Shirts,B0058T379E,592.42,9,941
SP28 - Silver/black Woven Shirts,B0058T33RA,49.08,8,941
SP28 - Red/Navy Woven Shirts,B00O973B24,2787.02,581,940
SP28 - Red/Navy Woven Shirts,B01ER4P9TG,644.39,720,940
SP28 - Red/Navy Woven Shirts,B0058T2ZMY,119.01,7,940
1430 - White Accessories,B00O7PC2H8,10143.81,452,111
1430 - Royal Blue Accessories,B00O7PC2H8,2496.99,452,110
1430 - Red Accessories,B00O7PC2H8,1269.6,452,109
1430 - Navy Accessories,B00O7PC2H8,737.09,452,108
1430 - Dark Red Accessories,B00O7PC2H8,613.96,452,106
1430 - Black Accessories,B00O7PC2H8,192.18,452,105
1430 - Hunter Green Accessories,B00O7PC2H8,101.02,452,107
SP24 - Grey/blue Stripe Woven Shirts,B00O97342G,10047.470000000001,571,907
SP24 - Grey/blue Stripe Woven Shirts,B007GBX64S,805.82,189,907
SP24 - Grey/blue Stripe Woven Shirts,B007GBWZGS,685.0,184,907
SP24 - Grey/blue Stripe Woven Shirts,B007GBX580,626.96,187,907
SP24 - Grey/blue Stripe Woven Shirts,B007GBX5M6,301.29,188,907
SP24 - Grey/blue Stripe Woven Shirts,B007GBX6NY,262.43,190,907
SP24 - Grey/blue Stripe Woven Shirts,B007GBWZY0,209.77,185,907
SP24 - Grey/blue Stripe Woven Shirts,B007GBX0FI,53.88,186,907
SP24 - Navy/red Stripe Woven Shirts,B00O97342G,3740.71,571,921
SP24 - Navy/red Stripe Woven Shirts,B007GBWJUU,143.68,181,921
SP24 - Navy/red Stripe Woven Shirts,B007GBWIU6,24.99,180,921
SP24 - Navy/red Stripe Woven Shirts,B004IDDI9A,14.77,2,921
SP24 - Charcoal/red/white Stripe Woven Shirts,B00O97342G,3386.53,571,901
SP24 - Navy/Khaki Stripe Woven Shirts,B00O97342G,2639.46,571,919
SP24 - Navy/Khaki Stripe Woven Shirts,B007GBYPZC,161.53,206,919
SP24 - Navy/Khaki Stripe Woven Shirts,B007GBYP66,89.35,205,919
SP24 - Navy/Khaki Stripe Woven Shirts,B007GBYOEE,75.43,204,919
JT38 - Black Outerwear,B00O971RDY,9823.880000000001,499,335
JT38 - Navy Outerwear,B00O971RDY,4928.47,499,337
JT38 - Charcoal Outerwear,B00O971RDY,1878.17,499,336
JT38 - Spruce Green Outerwear,B00O971RDY,1848.7,499,338
PT10 - Navy Pants,B00O4UYXA0,9783.070000000002,404,476
PT10 - Black Pants,B00O4UYXA0,8454.06,404,472
PT10 - Charcoal Pants,B00O4UYXA0,6217.869999999999,404,474
PT10 - White Pants,B00O4UYXA0,4980.33,404,481
PT10 - Brown Pants,B00O4UYXA0,2425.46,404,473
PT10 - Tan Pants,B00O4UYXA0,2243.13,404,480
PT10 - Spruce Green Pants,B00O4UYXA0,2074.4199999999996,404,479
PT10 - Grey Pants,B00O4UYXA0,1559.39,404,475
PT10 - Royal Blue Pants,B00O4UYXA0,1541.0800000000002,404,478
PT10 - Postman Blue Pants,B00O4UYXA0,953.97,404,477
SP14 - Navy With Yellow/Green Visibility Trim Woven Shirts,B00O972ZNK,9695.720000000001,563,858
SP14 - Navy With Yellow/Green Visibility Trim Woven Shirts,B00DUDSAXI,129.95,294,858
SP14 - Grey With Yellow/Green Visibility Trim Woven Shirts,B00O972ZNK,6642.719999999999,563,845
SP14 - Grey With Yellow/Green Visibility Trim Woven Shirts,B00BZUIBZU,292.59,266,845
JP66 - Black Outerwear,B00O971PCW,9647.68,496,325
JP66 - Navy Outerwear,B00O971PCW,2848.41,496,326
CNBTRB LN 58 - Royal Blue Flame Resistant Bottoms,B00HUA34OC,9230.1,322,262
PT20 - Navy With Yellow/Green Visibility Trim Pants,B00O9Z1JMU,9139.65,621,487
KP72 - White Outerwear,B00O972BGQ,9083.900000000001,526,379
ST62 - Black Uniforms Tops,B00O973MDC,8646.6,597,1041
ST62 - Navy Uniforms Tops,B00O973MDC,7194.210000000001,597,1044
ST62 - Silver Uniforms Tops,B00O973MDC,3735.6899999999996,597,1045
ST62 - Charcoal Uniforms Tops,B00O973MDC,2883.59,597,1042
ST62 - Khaki Uniforms Tops,B00O973MDC,2653.51,597,1043
PNW2NV 48 30 - Navy Flame Resistant Bottoms,B00HUA5WW4,8407.150000000001,351,463
PNW2RB 50 34 - Royal Blue Flame Resistant Bottoms,B00HUA5WW4,299.55,351,464
JEW2NV LN XXL - Navy Flame Resistant Outerwear,B00HUA3GG8,8256.33,325,313
SMH6NV RG S - Navy Flame Resistant Tops,B00JIJHZLQ,8071.76,384,801
CP30 - Navy Coveralls,B00O971DN8,7895.389999999999,483,266
KP43P - Navy Hospitality,B00SBHMCFA,7597.349999999999,636,374
KP43P - White Hospitality,B00SBHMCFA,1075.85,636,375
KP44 - Navy Outerwear,B00O972BPW,7464.41,530,376
KP44 - White Outerwear,B00O972BPW,1497.98,530,377
DP23 - Light Blue Hospitality,B00SBHLZU8,7377.03,630,282
DP23P - White Hospitality,B00SBHLZU8,3279.6600000000003,630,283
CNB6RB LN 52 - Royal Blue Flame Resistant Bottoms,B00HUA2YKC,7301.73,321,261
CNB6NV LN 58 - Navy Flame Resistant Bottoms,B00HUA2YKC,5325.81,321,260
PD54 - Prewashed Indigo Jeans,B00O4UYU62,7295.929999999999,399,434
SP80 - Black Woven Shirts,B00O973E2G,7030.82,586,971
SP80 - Royal Blue Woven Shirts,B00O973E2G,4615.64,586,977
SP80 - Burgundy Woven Shirts,B00O973E2G,4362.7,586,972
SP80 - Navy Woven Shirts,B00O973E2G,3968.41,586,975
SP80 - Red Woven Shirts,B00O973E2G,3746.62,586,976
SP80 - Light Blue Woven Shirts,B00O973E2G,2687.12,586,974
SP80 - White Woven Shirts,B00O973E2G,2551.7700000000004,586,979
SP80 - Silver Grey Woven Shirts,B00O973E2G,2423.19,586,978
SP80 - Khaki Woven Shirts,B00O973E2G,2356.26,586,973
SK52 - Burgundy/Black Knit Tops,B00O9OQIA4,6927.049999999999,616,715
SK52 - Black/Charcoal Knit Tops,B00O9OQIA4,4613.76,616,714
SK52 - Navy/Medium Blue Knit Tops,B00O9OQIA4,3400.6800000000003,616,717
SK52 - Moss Green/Navy Knit Tops,B00O9OQIA4,2759.88,616,716
SEL2NV RG 4XL - Navy Flame Resistant Tops,B00HRFUX80,6910.89,308,666
SEL2OR RG 4XL - Orange Flame Resistant Tops,B00HRFUX80,4279.78,308,667
SEL2GY RG XXL - Grey Flame Resistant Tops,B00HRFUX80,3362.9,308,663
SEL2KH LN XXL - Khaki Flame Resistant Tops,B00HRFUX80,3030.1899999999996,308,664
SEL2LB RG S - Light Blue Flame Resistant Tops,B00HRFUX80,2925.3,308,665
SR71 - White Hospitality,B00SBHNFF6,6576.830000000001,657,1021
SR71 - Light Blue Hospitality,B00SBHNFF6,1867.51,657,1020
SR71 - Blue/White Stripe Hospitality,B00SBHNFF6,999.58,657,1018
SR71 - Gray Hospitality,B00SBHNFF6,638.64,657,1019
1T11 - Black Industrial,B00SBHLMNI,6368.210000000001,623,121
1T11 - White Industrial,B00SBHLMNI,5363.09,623,128
1T11 - Emerald Industrial,B00SBHLMNI,2465.42,623,123
1T11 - Red Industrial,B00SBHLMNI,2382.71,623,126
1T11 - Royal Blue Industrial,B00SBHLMNI,2262.3,623,127
1T11 - Navy Industrial,B00SBHLMNI,2248.73,623,125
1T11 - Burgundy Industrial,B00SBHLMNI,2096.85,623,122
1T11 - Khaki Industrial,B00SBHLMNI,2000.92,623,124
1T11P - Stone Industrial,B00SBHLMNI,72.37,623,129
PD80 - Stonewash Jeans,B00O4UYUAS,6124.21,400,441
PD80 - Dark Wash Jeans,B00O4UYUAS,4724.18,400,440
CT30 - Navy Coveralls,B00O971G1W,6123.860000000001,488,281
WS20 - Navy Woven Shirts,B00O4VY36I,6076.120000000001,426,1142
WS20 - Light Blue Woven Shirts,B00O4VY36I,4610.349999999999,426,1141
WS20 - Khaki Woven Shirts,B00O4VY36I,4010.37,426,1140
WS20 - Black Woven Shirts,B00O4VY36I,3474.56,426,1137
WS20 - Silver Grey Woven Shirts,B00O4VY36I,2782.96,426,1144
WS20 - Charcoal Woven Shirts,B00O4VY36I,2780.48,426,1138
WS20 - Olive Green Woven Shirts,B00O4VY36I,2435.2999999999997,426,1143
WS20 - Chocolate Brown Woven Shirts,B00O4VY36I,2193.69,426,1139
WS20 - White Woven Shirts,B00O4VY36I,33.879999999999995,426,1145
PT4A - Charcoal Shorts,B00O4UZ4TE,5888.73,413,530
PT4A - Black Shorts,B00O4UZ4TE,4716.72,413,529
PT4A - Navy Shorts,B00O4UZ4TE,3424.06,413,531
SLG8HN RG 3XL - Hunter/Navy Plaid Flame Resistant Tops,B00JIJHY4E,5776.2300000000005,382,781
SLG8RK RG S - Red/Khaki Plaid Flame Resistant Tops,B00JIJHY4E,2653.19,382,782
5028 - White Uniforms Tops,B00O7PC584,5766.28,455,168
SES2RB LN XXL - Royal Blue Flame Resistant Tops,B00HUA67BE,5628.18,354,669
SES2TN LN XXL - Tan Flame Resistant Tops,B00HUA67BE,2203.38,354,670
KP13P - White Medical,B00SBHM5YS,5610.07,633,364
KP13P - Navy Medical,B00SBHM5YS,5432.5599999999995,633,363
KP13P - Light Blue Medical,B00SBHM5YS,4788.469999999999,633,362
4016 - White Outerwear,B00O972684,5501.92,518,147
PC20 - Navy Pants,B00O4UYNHI,5500.559999999999,393,411
PC20 - Dark Navy Pants,B00O4UYNHI,4152.75,393,408
PC20 - Khaki Pants,B00O4UYNHI,2812.95,393,410
PC20 - Charcoal Pants,B00O4UYNHI,2623.9600000000005,393,407
PC20 - Brown Pants,B00O4UYNHI,1629.14,393,406
PC20 - Graphite Grey Pants,B00O4UYNHI,1559.8600000000001,393,409
PC20 - Spruce Green Pants,B00O4UYNHI,1393.4100000000003,393,412
SMH2NV LN 3XL - Navy Flame Resistant Tops,B00JIJHYSA,5340.789999999999,383,800
KT76 - Black Uniforms Jackets,B00O7PCD54,5329.44,463,392
SP20GI - Charcoal With Blue/White Stripe Woven Shirts,B00O9736UG,5256.24,573,890
SP20GI - Charcoal With Blue/White Stripe Woven Shirts,B007GBVUYQ,185.6,171,890
SP20GI - Charcoal With Blue/White Stripe Woven Shirts,B007GBVSBQ,134.32,169,890
SP20GI - Charcoal With Blue/White Stripe Woven Shirts,B007GBVRQW,75.36,167,890
SP20GI - Charcoal With Blue/White Stripe Woven Shirts,B007GBVSRA,70.88,170,890
SP20GI - Charcoal With Blue/White Stripe Woven Shirts,B007GBVS34,58.77,168,890
SP20 - White/charcoal Stripe Woven Shirts,B00O9736UG,4227.17,573,888
SP20 - White/charcoal Stripe Woven Shirts,B007GBVHTO,218.87,159,888
SP20 - White/charcoal Stripe Woven Shirts,B007GBVIKC,209.74,160,888
SP20 - White/charcoal Stripe Woven Shirts,B007GC0GQS,73.29,241,888
SP20 - White/charcoal Stripe Woven Shirts,B007GC0EE2,64.02,240,888
SP20 - White/charcoal Stripe Woven Shirts,B007GBVHLM,10.26,158,888
SP20 - White/charcoal Stripe Woven Shirts,B007GBVISY,9.05,161,888
SP20 - Light Blue/Navy Stripe Woven Shirts,B00O9736UG,3383.58,573,887
SP20 - Light Blue/Navy Stripe Woven Shirts,B007GC06RW,46.59,227,887
SP20 - Light Blue/Navy Stripe Woven Shirts,B007GC01RW,46.13,225,887
SP20 - Light Blue/Navy Stripe Woven Shirts,B007GC0780,16.31,228,887
SP20 - Light Blue/Navy Stripe Woven Shirts,B007GC04YC,13.15,226,887
SP20 - Gm Blue/White Stripe Woven Shirts,B00O9736UG,2538.31,573,884
SP20 - Gm Blue/White Stripe Woven Shirts,B007GC0DQQ,140.78,238,884
SP20 - Gm Blue/White Stripe Woven Shirts,B004IDGHPW,121.48,3,884
SP20 - Gm Blue/White Stripe Woven Shirts,B007GC0E3S,84.62,239,884
SP20 - Gm Blue/White Stripe Woven Shirts,B007GC0BPY,61.44,235,884
SP20 - Gm Blue/White Stripe Woven Shirts,B007GC0D2U,38.99,237,884
SP20 - Gm Blue/White Stripe Woven Shirts,B007GC0CNK,9.0,236,884
SP20 - Blue With Brown/white Stripe Woven Shirts,B00O9736UG,2476.87,573,882
SP20GK - Green/Khaki Woven Shirts,B00O9736UG,1899.9599999999998,573,891
SP20GK - Green/Khaki Woven Shirts,B004IDK1QS,117.03,4,891
SP20GK - Green/Khaki Woven Shirts,B007GBW07W,92.32,173,891
SP20GK - Green/Khaki Woven Shirts,B007GBVYJC,83.22,172,891
SP20 - Blue/Charcoal Uniforms Tops,B00O9736UG,1858.8799999999999,573,883
SP20 - Blue/Charcoal Uniforms Tops,B00O9733Y0,586.22,569,883
SP20 - Blue/Charcoal Uniforms Tops,B007GBVO9W,176.98,166,883
SP20 - Blue/Charcoal Uniforms Tops,B007GBVJ2O,117.13,162,883
SP20 - Blue/Charcoal Uniforms Tops,B007GBVMUS,82.88,164,883
SP20 - Blue/Charcoal Uniforms Tops,B007GBVJEC,41.37,163,883
SP20 - Blue/Charcoal Uniforms Tops,B007GBVNIY,29.75,165,883
SP20 - Khaki/black Check Uniforms Tops,B00O9736UG,1247.21,573,886
SP20 - Khaki/black Check Uniforms Tops,B00O9733Y0,306.65,569,886
SP20 - Khaki/black Check Uniforms Tops,B0167H5P68,413.45,665,886
SP20 - Khaki/black Check Uniforms Tops,B007GBWO82,183.03,183,886
SP20 - Khaki/black Check Uniforms Tops,B007GBWMJS,8.07,182,886
SP20 - White/green Stripe Woven Shirts,B00O9736UG,1231.7900000000002,573,889
SP20 - White/green Stripe Woven Shirts,B007GBW1V2,121.75,175,889
SP20 - White/green Stripe Woven Shirts,B007GBW338,64.6,177,889
SP20 - White/green Stripe Woven Shirts,B007GBW0VS,29.0,174,889
SP20 - White/green Stripe Woven Shirts,B007GBW74S,26.71,179,889
PT2C - Black Pants,B00O4UZ19W,4910.179999999999,408,507
PT2C - Black Pants,B00DUDRBJW,407.75,292,507
PT2C - Charcoal Pants,B00O4UZ19W,4719.86,408,508
PT2C - Charcoal Pants,B00DUDNOE8,10.58,289,508
PT2C - Navy Pants,B00O4UZ19W,4642.9800000000005,408,510
PT2C - Khaki Pants,B00O4UZ19W,3391.7,408,509
CLB2NV RG 56 - Navy Flame Resistant Bottoms,B00JIL6S58,4845.95,388,241
CLB2RB RG 52 - Royal Blue Flame Resistant Bottoms,B00JIL6S58,1686.6799999999998,388,242
CLB2KH RG 46 - Khaki Flame Resistant Bottoms,B00JIL6S58,1003.0899999999999,388,240
SP14 - Light Grey With Trim Woven Shirts,B00O9731VA,4575.849999999999,568,853
SP14 - Navy With Orange Visibility Trim Woven Shirts,B00O9731VA,3922.7200000000003,568,857
SP14 - Navy With Orange Visibility Trim Woven Shirts,B00DUDQKF8,376.1,291,857
SP14 - Navy With Orange Visibility Trim Woven Shirts,B00DUDQI3M,112.35,290,857
CD32 - Brown Duck Coveralls,B00O971BTO,4574.719999999999,480,224
CD32 - Navy Duck Coveralls,B00O971BTO,4092.53,480,225
QT20 - Charcoal Flame Resistant Tops,B01C4C3274,4565.65,700,598
QT20 - Charcoal Flame Resistant Tops,B01C4C323I,1058.1,698,598
QT20BT - Dark Blue Flame Resistant Tops,B01C4C3274,3121.92,700,599
QT20BT - Dark Blue Flame Resistant Tops,B01C4C323I,610.86,698,599
QT20 - Black Flame Resistant Tops,B01C4C3274,2527.3999999999996,700,596
QT20 - Black Flame Resistant Tops,B01C4C323I,802.22,698,596
QT20BT - Tan Flame Resistant Tops,B01C4C3274,1840.24,700,601
QT20BT - Tan Flame Resistant Tops,B01C4C323I,538.86,698,601
QT20BT - Red Flame Resistant Tops,B01C4C3274,1464.3899999999999,700,600
QT20BT - Red Flame Resistant Tops,B01C4C323I,517.42,698,600
QT20 - Blue Flame Resistant Tops,B01C4C3274,1294.15,700,597
QT20 - Blue Flame Resistant Tops,B01C4C323I,392.62,698,597
JT50 - Navy Outerwear,B00O971RHU,4532.070000000001,500,343
JT50 - Black Outerwear,B00O971RHU,4096.35,500,340
JT50 - Charcoal Outerwear,B00O971RHU,2674.46,500,342
JT50 - Spruce Green Outerwear,B00O971RHU,2015.32,500,345
JT50 - Brown Outerwear,B00O971RHU,1772.87,500,341
SET8GY SS L - Grey Flame Resistant Tops,B00HUA6AHA,4515.52,355,672
SET8GY SS L - Grey Flame Resistant Tops,B00VGA6L4C,292.83,663,672
SET8NV SS 4XL - Navy Flame Resistant Tops,B00HUA6AHA,3975.06,355,673
KT50 - White Outerwear,B00O972KB2,4492.96,539,390
SNS2TN RG S - Tan Flame Resistant Tops,B00HUA7KRO,4449.42,363,817
SNS2RB RG 3XL - Royal Blue Flame Resistant Tops,B00HUA7KRO,3073.12,363,816
4004 - White Outerwear,B00O97236E,4447.65,513,144
2030 - Black/White Check Uniforms Bottoms,B00O7PBMC4,4379.63,430,142
SK92 - Black Knit Tops,B019XDXNT4,4289.93,684,765
SK92 - Black Knit Tops,B019XDXQUU,734.64,685,765
SK92 - Royal Blue Knit Tops,B019XDXNT4,3014.7799999999997,684,770
SK92 - Royal Blue Knit Tops,B019XDXQUU,146.93,685,770
SK92 - Royal Blue Knit Tops,B016NEKYE8,115.39,666,770
SK92 - Navy Knit Tops,B019XDXNT4,2528.38,684,768
SK92 - Navy Knit Tops,B019XDXQUU,591.6999999999999,685,768
SK92 - Grey Knit Tops,B019XDXNT4,1925.28,684,766
SK92 - Grey Knit Tops,B019XDXQUU,420.13,685,766
SK92 - Red Knit Tops,B019XDXNT4,1455.73,684,769
SK92 - Red Knit Tops,B019XDXQUU,170.04999999999998,685,769
SK92 - Medium Blue Knit Tops,B019XDXNT4,924.11,684,767
SK92 - Medium Blue Knit Tops,B019XDXQUU,295.25,685,767
SK92 - Tan Knit Tops,B019XDXNT4,784.6,684,771
SK92 - Tan Knit Tops,B019XDXQUU,254.23999999999998,685,771
SK92 - White Knit Tops,B019XDXNT4,572.67,684,772
SK92 - White Knit Tops,B019XDXQUU,175.03,685,772
SP24 - Navy With Orange Visibility Trim Woven Shirts,B00O97394O,4264.6900000000005,578,916
SP24 - Navy With Orange Visibility Trim Woven Shirts,B01ESJ8AVE,262.95,722,916
SP24 - Navy With Orange Visibility Trim Woven Shirts,B00DUDRP66,242.27,293,916
SP24 - Light Grey With Trim Woven Shirts,B00O97394O,3685.8599999999997,578,912
SP24 - Light Grey With Trim Woven Shirts,B007GBY0HU,586.32,199,912
SP24 - Light Grey With Trim Woven Shirts,B007GBXWDI,347.94,198,912
SEU2WB LN XXL - White/Blue Stripe Flame Resistant Tops,B00JIJHX7C,4200.58,381,674
JP70 - Black Outerwear,B00O971MJI,4184.53,495,327
JP70 - Navy Outerwear,B00O971MJI,2130.7799999999997,495,328
CMD6NV LN 52 - Navy Flame Resistant Bottoms,B00HUA2S4E,4156.57,320,255
CMD6KH LN 58 - Khaki Flame Resistant Bottoms,B00HUA2S4E,1280.75,320,254
JNJ8NV RG 3XL - Navy Flame Resistant Outerwear,B00HUA3ZEG,4119.04,333,322
SET2GY RG 4XL - Grey Flame Resistant Tops,B00HRFV19U,4108.22,309,671
5010 - White Uniforms Tops,B00O7PC2LO,4083.26,453,164
CT10 - Navy With Yellow/Green Visibility Trim Coveralls,B00O971E2S,4032.12,486,275
SP56BT - Khaki Uniforms Tops,B01AFSIDEG,4016.06,687,955
SP56BT - Khaki Uniforms Tops,B01AFSIDKA,22.99,688,955
SP56BT - Medium Blue Uniforms Tops,B01AFSIDEG,1948.02,687,956
SP56BT - Medium Blue Uniforms Tops,B01AFSIDKA,31.58,688,956
SP56 - White Uniforms Tops,B01AFSIDEG,1017.79,687,954
SP56 - White Uniforms Tops,B01AFSIDKA,115.72,688,954
SP56BT - Navy Uniforms Tops,B01AFSIDEG,878.0999999999999,687,957
5080 - White Outerwear,B00O972698,3952.83,519,173
5080 - Light Blue Outerwear,B00O972698,2329.05,519,172
JLR8NV LN XXL - Navy Flame Resistant Outerwear,B00HUA3XXO,3951.5,332,320
WP90 - Khaki Shorts,B00O4VXX46,3869.1099999999997,422,1122
WP90 - Black Shorts,B00O4VXX46,3203.1899999999996,422,1120
WP90 - Navy Shorts,B00O4VXX46,2479.19,422,1123
WP90 - Charcoal Shorts,B00O4VXX46,1700.45,422,1121
SND2TN LN L - Tan Flame Resistant Tops,B00HUA7HHC,3859.14,362,815
SND2NV RG XXL - Navy Flame Resistant Tops,B00HUA7HHC,3533.54,362,813
SND2RB RG XXL - Royal Blue Flame Resistant Tops,B00HUA7HHC,2271.81,362,814
SND2GB RG XXL - Gulf Blue Flame Resistant Tops,B00HUA7HHC,2194.65,362,812
CEH2NV LN XXL - Navy Flame Resistant Bottoms,B00HUA1V7O,3574.16,316,237
JT50 - Navy With Yellow/Green Visibility Trim Outerwear,B00O971TOQ,3521.62,501,344
SC30 - Dark Navy Woven Shirts,B00O972MCO,3493.95,541,630
PC76 - Khaki Pants,B00O4UYND2,3437.38,392,425
PC76 - Navy Pants,B00O4UYND2,3391.2999999999997,392,426
PT38 - Black Pants,B00O4UZ1DS,3426.04,410,519
PT38 - Khaki Pants,B00O4UZ1DS,1833.9399999999998,410,521
PT38 - Khaki Pants,B00DUDNFJW,38.79,288,521
PT38 - Navy Pants,B00O4UZ1DS,1729.6100000000001,410,522
PT38 - Charcoal Pants,B00O4UZ1DS,1531.1600000000003,410,520
SMT4NV RG 4XL - Navy Flame Resistant Tops,B00HRFV96A,3383.1,310,802
SEG6KH LN XXL - Khaki Flame Resistant Tops,B00HUA5ZYE,3329.0,352,660
SEG6LB RG 3XL - Light Blue Flame Resistant Tops,B00HUA5ZYE,1557.5100000000002,352,661
CNB3NV RG S - Navy Flame Resistant Bottoms,B00JFO0J2G,3297.3900000000003,366,259
PT21 - Black Industrial,B00SBHMIEA,3280.139999999999,639,490
PT21P - Khaki Industrial,B00SBHMIEA,2414.51,639,492
PT21P - Navy Industrial,B00SBHMIEA,2241.42,639,493
PT21P - Charcoal Industrial,B00SBHMIEA,1681.5500000000002,639,491
SLW2NV RG S - Navy Flame Resistant Tops,B00HUA71GE,3271.71,359,799
SLW2KH LN L - Khaki Flame Resistant Tops,B00HUA71GE,3205.81,359,797
SLW2LB LN XL - Light Blue Flame Resistant Tops,B00HUA71GE,1648.37,359,798
PT26 - Navy Shorts,B00O4UYXNW,3197.76,406,497
PT26 - Charcoal Shorts,B00O4UYXNW,2812.52,406,496
PT26 - Black Shorts,B00O4UYXNW,2532.96,406,494
PT26 - Brown Shorts,B00O4UYXNW,1686.54,406,495
PT26 - Spruce Green Shorts,B00O4UYXNW,1471.2600000000002,406,498
PT26 - Tan Shorts,B00O4UYXNW,1018.07,406,499
PT62 - Black Uniforms Bottoms,B00O4UZCWI,3177.5299999999997,419,561
PT62 - Charcoal Uniforms Bottoms,B00O4UZCWI,2436.66,419,562
PT62 - Navy Uniforms Bottoms,B00O4UZCWI,1681.6200000000001,419,564
PT62 - Khaki Uniforms Bottoms,B00O4UZCWI,1573.8099999999995,419,563
PT60 - Charcoal Pants,B005HV54Q2,3142.25,96,550
PT60 - Charcoal Pants,B00O4UZ55C,1451.22,415,550
PT60 - Navy Pants,B005HV54Q2,3118.78,96,552
PT60 - Navy Pants,B00O4UZ55C,1299.59,415,552
PT60 - Navy Pants,B005HV50HK,905.72,88,552
PT60 - Navy Pants,B005HV5110,741.21,89,552
PT60 - Navy Pants,B005HV52QY,610.28,90,552
PT60 - Navy Pants,B005HV503O,503.43,87,552
PT60 - Navy Pants,B005HV5354,388.42,92,552
PT60 - Navy Pants,B005HV4ZMG,282.08,86,552
PT60 - Navy Pants,B005HV52XM,225.77,91,552
PT60 - Navy Pants,B005HV53CC,200.42,93,552
PT60 - Navy Pants,B005HV53PO,73.87,94,552
PT60 - Navy Pants,B005HV4Z62,54.55,85,552
PT60 - Navy Pants,B005HV54I0,42.12,95,552
PT60 - Black Pants,B005HV54Q2,1451.39,96,548
PT60 - Black Pants,B00O4UZ55C,847.0799999999999,415,548
PT60 - Black Pants,B005HV4S32,377.98,81,548
PT60 - Black Pants,B005HV4RO2,371.59,80,548
PT60 - Black Pants,B005HV4RHO,337.48,79,548
PT60 - Black Pants,B005HV4SOG,247.95,83,548
PT60 - Black Pants,B005HV4RBK,235.87,78,548
PT60 - Black Pants,B005HV4SHI,195.93,82,548
PT60 - Black Pants,B005HV4R4M,175.75,77,548
PT60 - Black Pants,B005HV4SYG,148.96,84,548
PT60 - Black Pants,B005HV4QXO,119.95,76,548
PT60 - Khaki Pants,B005HV54Q2,1125.7400000000002,96,551
PT60 - Khaki Pants,B00O4UZ55C,506.14,415,551
PT60 - Brown Pants,B005HV54Q2,660.4300000000001,96,549
PT60 - Brown Pants,B00O4UZ55C,1220.22,415,549
PT60 - Spruce Green Pants,B005HV54Q2,352.57,96,553
PT60 - Spruce Green Pants,B00O4UZ55C,1924.83,415,553
PC45 - Khaki Industrial,B00SBHMCE6,3130.4800000000005,635,418
PC45 - Black Industrial,B00SBHMCE6,1553.35,635,417
PC45 - Navy Industrial,B00SBHMCE6,624.71,635,419
LNS2NV LN XXL - Navy Flame Resistant Outerwear,B00HUA4TDW,3126.9800000000005,342,400
SEK2NV RG 3XL - Navy Flame Resistant Tops,B00HUA65HK,3079.6,353,662
SP66 - White Uniforms Tops,B01AFSIDS2,3046.22,691,966
SP66 - White Uniforms Tops,B01AFSIHMO,898.75,693,966
SP66BT - Medium Blue Uniforms Tops,B01AFSIDS2,722.64,691,967
SP66BT - Medium Blue Uniforms Tops,B01AFSIHMO,2387.58,693,967
SP66BT - Navy Uniforms Tops,B01AFSIDS2,430.91999999999996,691,968
SP66BT - Navy Uniforms Tops,B01AFSIHMO,923.3,693,968
SP66 - Khaki Uniforms Tops,B01AFSIDS2,427.97999999999996,691,965
SP66 - Khaki Uniforms Tops,B01AFSIHMO,1181.32,693,965
PT89 - Navy Industrial,B00SBHMPEI,3027.1800000000003,644,571
PT89 - Black Industrial,B00SBHMPEI,1573.1000000000001,644,569
PT89 - Khaki Industrial,B00SBHMPEI,1074.3,644,570
JT36 - Navy Outerwear,B00O971R7U,3023.67,497,334
TP61 - Navy Accessories,B00O7PCGGU,2924.42,470,1085
TP61 - Royal Blue Accessories,B00O7PCGGU,1304.6599999999999,470,1087
TP61 - Red Accessories,B00O7PCGGU,1287.52,470,1086
TP61 - Black Accessories,B00O7PCGGU,1005.48,470,1082
TP61 - Kelly Green Accessories,B00O7PCGGU,510.07,470,1083
TP61 - Tan Accessories,B00O7PCGGU,438.7,470,1088
TP61 - Light Blue Accessories,B00O7PCGGU,264.92,470,1084
PD60 - Prewash With Yellow/Green Visibility Trim Jeans,B00O4UYUDA,2917.61,401,435
VT22 - Charcoal Vests,B00O971WN4,2889.9700000000003,508,1095
VT22 - Navy Vests,B00O971WN4,1886.73,508,1096
PD52 - Rigid Denim Jeans,B00O4UYS28,2888.5599999999995,398,433
SP18 - Silver/Black Woven Shirts,B00O9731R4,2882.6000000000004,566,881
SP18 - Navy/Post Blue Woven Shirts,B00O9731R4,1474.26,566,879
SP18 - Red/Navy Woven Shirts,B00O9731R4,1457.1,566,880
SMW4HV RG M - Yellow/Green Flame Resistant Tops,B00JIJI0GU,2826.67,385,810
PC44 - Khaki Pants,B00O4UYN6O,2822.4700000000003,391,415
PC44 - Navy Pants,B00O4UYN6O,1501.34,391,416
PC44 - Black Pants,B00O4UYN6O,1364.29,391,414
5020 - Black Uniforms Tops,B00O7PC5IY,2815.9300000000003,458,165
5020 - White Uniforms Tops,B00O7PC5IY,1463.99,458,166
JLJ8NV RG S - Navy Flame Resistant Outerwear,B0078R3IRK,2798.29,106,318
JLJ8NV RG S - Navy Flame Resistant Outerwear,B0078R3PZK,2257.47,107,318
JLJ8NV RG S - Navy Flame Resistant Outerwear,B0078R3UUK,1305.96,108,318
JLJ8NV RG S - Navy Flame Resistant Outerwear,B00HUA3QX6,752.64,330,318
JLJ8NV RG S - Navy Flame Resistant Outerwear,B0078R3GHM,722.92,105,318
JLJ8NV RG S - Navy Flame Resistant Outerwear,B0078R5DR8,722.22,109,318
JLJ8NV RG S - Navy Flame Resistant Outerwear,B00CC4ZHWS,455.98,286,318
JLJ8NV RG S - Navy Flame Resistant Outerwear,B0078R5F12,396.77,110,318
JLJ8NV RG S - Navy Flame Resistant Outerwear,B0078S3ELO,57.27,111,318
JLPCNV RG M - Navy Flame Resistant Outerwear,B00HUA3UW8,2792.36,331,319
SD78 - Denim Woven Shirts,B00O972R74,2788.5099999999998,553,659
SS46WH - White Woven Shirts,B00O973KV6,2786.7799999999997,596,1035
SS46WH - White Woven Shirts,B00AQ4FYZG,46.47,258,1035
SS46WH - White Woven Shirts,B00AQ4FZ7I,36.44,259,1035
SS46WH - White Woven Shirts,B00AQ4FYOW,14.99,257,1035
SS46WH - White Woven Shirts,B00AQ4FYH4,8.03,256,1035
SS46LB - Light Blue Woven Shirts,B00O973KV6,1736.03,596,1034
SS46LB - Light Blue Woven Shirts,B00AQ4FRBW,75.43,254,1034
SS46LB - Light Blue Woven Shirts,B00AQ4FPVY,48.89,252,1034
SS46LB - Light Blue Woven Shirts,B00AQ4FQGS,37.15,253,1034
SS46LB - Light Blue Woven Shirts,B00AQ4FSM0,27.72,255,1034
SY10 - Black/Charcoal Woven Shirts,B00O973OIK,2756.34,599,1047
SY10 - Charcoal/Grey Woven Shirts,B00O973OIK,1298.92,599,1049
SY10 - Charcoal/Grey Woven Shirts,B00F8NOXLG,144.23,301,1049
SY10 - Charcoal/Grey Woven Shirts,B00FDOARL0,50.9,303,1049
SY10 - Charcoal/Grey Woven Shirts,B00O98FLQ2,47.98,607,1049
SY10 - Charcoal/Grey Woven Shirts,B00FDOAU08,39.06,304,1049
SY10 - Charcoal/Grey Woven Shirts,B00FDOAKPS,24.12,302,1049
SY10 - Black/Red Woven Shirts,B00O973OIK,1286.07,599,1048
SY10 - Navy/Grey Woven Shirts,B00O973OIK,552.28,599,1050
JD24 - Navy Duck Outerwear,B00O971GEY,2709.6,492,311
JD24 - Brown Duck Outerwear,B00O971GEY,1143.5500000000002,492,310
SR61 - White Hospitality,B00SBHN95M,2684.1099999999997,655,1016
SR61 - Light Blue Hospitality,B00SBHN95M,1674.98,655,1015
SR61 - Blue/White Stripe Hospitality,B00SBHN95M,733.36,655,1013
SR61 - Gray Hospitality,B00SBHN95M,576.0,655,1014
BD30 - Navy Duck Bibs & Overalls,B00O9719E6,2635.23,475,204
BD30 - Brown Duck Bibs & Overalls,B00O9719E6,237.56,475,203
BD10 - Denim With Yellow/Silver Visibility Trim Bibs & Overalls,B00O9719TG,2626.0500000000006,477,202
BNF8RB RG XXL - Royal Blue Flame Resistant Bottoms,B00JIIK9PG,2579.97,376,209
BNF8RB RG XXL - Royal Blue Flame Resistant Bottoms,B01EE5EBP6,55.64,711,209
SH20 - Charcoal Uniforms Tops,B00O972QR0,2575.46,550,681
SH20 - Navy Uniforms Tops,B00O972QR0,505.51,550,682
PT50 - Navy Pants,B00O54MB3G,2574.3900000000003,428,538
PT50 - Charcoal Pants,B00O54MB3G,1796.67,428,536
PT50 - Chocolate Brown Pants,B00O54MB3G,1318.5000000000002,428,537
PT50 - Spruce Green Pants,B00O54MB3G,1306.29,428,539
PMW4NV 50 32 - Navy Flame Resistant Bottoms,B00HUA5RJW,2537.42,349,461
PMW4KH 50 32 - Khaki Flame Resistant Bottoms,B00HUA5RJW,1547.41,349,460
9S01 - Navy Hospitality,B00SBHLTVS,2520.73,627,187
9S01 - Navy Hospitality,B00BQHOLDS,157.05,265,187
9S01P - Burgundy Hospitality,B00SBHLTVS,2273.89,627,189
9S01P - Burgundy Hospitality,B00BQHOLDS,400.85,265,189
9S01P - Tan Hospitality,B00SBHLTVS,678.9300000000001,627,190
9S01P - Tan Hospitality,B00BQHOLDS,135.04,265,190
9S01P - Black Hospitality,B00SBHLTVS,539.16,627,188
9S01P - Black Hospitality,B00BQHOLDS,842.9300000000001,265,188
9S01 - Hunter Green Hospitality,B00SBHLTVS,471.77,627,186
9S01 - Hunter Green Hospitality,B00BQHOLDS,33.34,265,186
PT56 - White Pants,B00O4UZ55M,2502.8700000000003,416,542
PZ20 - Black Pants,B00O4UZCTG,2465.57,417,572
PZ20 - Navy Pants,B00O4UZCTG,1999.0900000000001,417,573
5210 - White Medical,B00SBHLMUQ,2460.91,624,175
SP10 - Gm Blue/White Stripe Woven Shirts,B00O972UX0,2459.41,557,824
SP10 - White/Charcoal Stripe Woven Shirts,B00O972UX0,1990.41,557,829
SP10 - Light Blue/Navy Stripe Woven Shirts,B00O972UX0,1579.58,557,828
SP10GI - Charcoal With Blue/White Stripe Woven Shirts,B00O972UX0,1457.9699999999998,557,831
SP10 - Green/Khaki Stripe Woven Shirts,B00O972UX0,1112.36,557,825
SP10 - White/Green Stripe Woven Shirts,B00O972UX0,825.4,557,830
SP10 - Blue With Brown/white Stripe Woven Shirts,B00O972UX0,811.6400000000001,557,822
WS10 - Black Woven Shirts,B00O4VY322,2330.2900000000004,425,1128
WS10 - Light Blue Woven Shirts,B00O4VY322,1570.0900000000001,425,1132
WS10 - Navy Woven Shirts,B00O4VY322,1131.51,425,1133
WS10 - Olive Green Woven Shirts,B00O4VY322,916.6300000000001,425,1134
WS10 - Charcoal Woven Shirts,B00O4VY322,898.4200000000001,425,1129
WS10 - Silver Grey Woven Shirts,B00O4VY322,756.67,425,1135
WS10 - Khaki Woven Shirts,B00O4VY322,618.05,425,1131
WS10 - Chocolate Brown Woven Shirts,B00O4VY322,576.69,425,1130
WS10 - White Woven Shirts,B00O4VY322,54.339999999999996,425,1136
CC18NV - Navy Coveralls,B005DDYVNQ,2330.2,71,222
CC18NV - Navy Coveralls,B005DDYVRW,1581.33,74,222
CC18NV - Navy Coveralls,B005DDYVOK,1580.61,72,222
CC18NV - Navy Coveralls,B005DDYVL8,1410.38,70,222
CC18NV - Navy Coveralls,B005DDYVQS,1295.91,73,222
CC18NV - Navy Coveralls,B005DDYVJU,1077.52,69,222
CC18NV - Navy Coveralls,B005DDYVHC,1031.23,68,222
CC18NV - Navy Coveralls,B005DDYC26,493.18,15,222
CC18NV - Navy Coveralls,B005DDYIU2,476.76,34,222
CC18NV - Navy Coveralls,B005DDYCRG,476.15,16,222
CC18NV - Navy Coveralls,B005DDYD48,451.56,18,222
CC18NV - Navy Coveralls,B005DDYVTU,448.56,75,222
CC18NV - Navy Coveralls,B005DDYVEA,411.71,67,222
CC18NV - Navy Coveralls,B005DDYJQ0,307.0,41,222
CC18NV - Navy Coveralls,B005DDYJJW,290.65,39,222
CC18NV - Navy Coveralls,B005DDYCY4,275.48,17,222
CC18NV - Navy Coveralls,B005DDYJ1K,259.82,36,222
CC18NV - Navy Coveralls,B013Q80EM6,188.0,664,222
CC18NV - Navy Coveralls,B005DDYJ7E,165.82,37,222
CC18NV - Navy Coveralls,B005DDYJAG,81.8,38,222
CC18NV - Navy Coveralls,B005DDYIYS,74.98,35,222
CC18NV - Navy Coveralls,B005DDYJO2,59.11,40,222
QT11 - Charcoal Tops and Sweaters,B017IA6NPK,2326.6600000000003,670,586
QT11 - Red Tops and Sweaters,B017IA6NPK,1763.0,670,588
QT11 - Black Tops and Sweaters,B017IA6NPK,1130.39,670,584
QT11 - Dark Blue Tops and Sweaters,B017IA6NPK,1002.28,670,587
QT11 - Blue Tops and Sweaters,B017IA6NPK,467.57,670,585
QT11 - Tan Tops and Sweaters,B017IA6NPK,378.48,670,589
PT4C - Charcoal Shorts,B00O4UZ4XA,2282.06,414,533
PT4C - Black Shorts,B00O4UZ4XA,1694.58,414,532
PT4C - Navy Shorts,B00O4UZ4XA,1405.65,414,535
PT4C - Khaki Shorts,B00O4UZ4XA,1253.5900000000001,414,534
SS24YE - Fluorescent Yellow/Green Woven Shirts,B00O973I40,2276.61,592,1029
SS24YE - Fluorescent Yellow/Green Woven Shirts,B007GBXC56,159.97,196,1029
SS24YE - Fluorescent Yellow/Green Woven Shirts,B007GBXB84,128.99,194,1029
SS24YE - Fluorescent Yellow/Green Woven Shirts,B007GBX7WY,29.15,191,1029
SS24YE - Fluorescent Yellow/Green Woven Shirts,B007GBX8BE,17.65,192,1029
SS24OR - Fluorescent Orange Woven Shirts,B00O973I40,2028.6,592,1028
SS24OR - Fluorescent Orange Woven Shirts,B00O971WA2,763.0500000000001,506,1028
TT34 - Black Accessories,B00O7TTT98,2224.83,472,1089
TT34 - White Accessories,B00O7TTT98,483.99,472,1090
HMC2BK RG M - Black Flame Resistant Tops,B00CC3MR4A,2179.13,273,295
SP14 - Grey/blue Stripe Woven Shirts,B00O972ZA8,2136.94,560,848
SP14 - Navy/Khaki Stripe Woven Shirts,B00O972ZA8,768.16,560,860
SP14 - Navy/Red Stripe Woven Shirts,B00O972ZA8,684.4,560,862
SP14 - Charcoal/red/white Stripe Woven Shirts,B00O972ZA8,533.44,560,841
KK28 - Electronic Blue Outerwear,B00O97298G,2094.3,521,353
KK28 - White Outerwear,B00O97298G,1028.04,521,354
KS58 - White Outerwear,B00O972E0O,2077.6800000000003,535,380
WP10 - Navy Outerwear,B00O973OVM,2076.62,601,1101
WP10 - Royal Blue Outerwear,B00O973OVM,1274.12,601,1103
WP10 - White Outerwear,B00O973OVM,860.11,601,1104
WP10 - Light Blue Outerwear,B00O973OVM,522.45,601,1100
WP10 - Red Outerwear,B00O973OVM,444.93000000000006,601,1102
SP14 - Navy/Red/Light Grey Woven Shirts,B00O972Z8U,2065.48,559,863
LLS2BD RG S - Brown Duck Flame Resistant Outerwear,B00JIJHVX8,2028.5099999999998,379,395
BLF8NV LN XXL - Navy Duck Flame Resistant Bottoms,B00HUA0KOE,2028.33,311,207
BLF8BD LN XXL - Brown Duck Flame Resistant Bottoms,B00HUA0KOE,1071.45,311,206
KP10 - Navy Outerwear,B00O971TUU,2025.5300000000002,502,357
KP10 - White Outerwear,B00O971TUU,779.8399999999999,502,359
KP10 - Royal Blue Outerwear,B00O971TUU,423.5,502,358
KP10 - Light Blue Outerwear,B00O971TUU,156.72,502,356
KP10RD - Red Outerwear,B00O971TUU,70.83,502,360
KT34 - White Outerwear,B00O972FWG,2020.4099999999999,536,389
SP24 - Navy/light Blue Twin Stripe Woven Shirts,B00O973912,2009.3500000000001,577,920
SP24 - Charcoal/Red Twin Stripe Woven Shirts,B00O973912,1172.5,577,900
SP24 - Medium Blue/Light Blue Twin Stripe Woven Shirts,B00O973912,823.1700000000001,577,915
402 - White Uniforms Jackets,B00O7PBPEE,1995.29,436,148
JNP2NV LN XXL - Navy Flame Resistant Outerwear,B00HUA419E,1950.35,334,323
SP60LT - Light Tan Uniforms Tops,B00O973DZO,1949.16,585,960
SP60LT - Light Tan Uniforms Tops,B00O973DV8,19.51,584,960
SP60LT - Light Tan Uniforms Tops,B0058T3X0M,133.15,14,960
SP60LT - Light Tan Uniforms Tops,B0058T3W8A,114.09,13,960
SP60LT - Light Tan Uniforms Tops,B0058T3TYC,95.24,11,960
SP60LT - Light Tan Uniforms Tops,B0058T3VJK,80.32,12,960
SP60MB - Petrol Blue Uniforms Tops,B00O973DZO,1122.36,585,961
SP60WH - White Uniforms Tops,B00O973DZO,620.86,585,962
SP60LA - Light Grey Uniforms Tops,B00O973DZO,448.98,585,959
SP90BK - Black Woven Shirts,B00O973HRI,1942.31,589,990
SP90BK - Black Woven Shirts,B007GBZHQ8,160.88,216,990
SP90RB - Royal Blue Woven Shirts,B00O973HRI,1610.76,589,995
SP90WH - White Woven Shirts,B00O973HRI,1363.07,589,998
SP90NV - Navy Woven Shirts,B00O973HRI,1274.79,589,994
SP90BY - Burgundy Woven Shirts,B00O973HRI,1102.2799999999997,589,991
SP90RD - Red Woven Shirts,B00O973HRI,846.35,589,996
SP90SV - Silver Grey Woven Shirts,B00O973HRI,797.91,589,997
SP90LB - Light Blue Woven Shirts,B00O973HRI,648.8199999999999,589,993
SP90KH - Khaki Woven Shirts,B00O973HRI,536.1,589,992
PS64 - Black/white Check Uniforms Bottoms,B00O7PBPFS,1940.06,437,471
SP15 - White Industrial,B00SBHN22C,1939.3,649,873
PT60 - White Pants,B00O4UZ55C,1346.4900000000002,415,555
PT60 - Tan Pants,B00O4UZ55C,806.87,415,554
SP26NV - Navy Woven Shirts,B00O973BVA,1920.0200000000002,583,937
SP26LB - Light Blue Woven Shirts,B00O973BVA,1281.34,583,935
SP26LA - Light Grey Woven Shirts,B00O973BVA,963.8399999999999,583,934
SP26WH - White Woven Shirts,B00O973BVA,736.56,583,938
SP26WH - White Woven Shirts,B007GC0ASC,273.24,233,938
SP26WH - White Woven Shirts,B007GC0B5O,176.53,234,938
SP26WH - White Woven Shirts,B007GC094M,173.56,230,938
SP26WH - White Woven Shirts,B007GC0AI2,103.06,232,938
SP26WH - White Woven Shirts,B007GC0A5A,64.53,231,938
SP26LT - Light Tan Woven Shirts,B00O973BVA,683.1600000000001,583,936
SP46BT - Medium Blue Uniforms Tops,B01AFSIDMI,1894.1799999999998,689,947
SP46BT - Medium Blue Uniforms Tops,B01AFSIDNC,348.80999999999995,690,947
SP46BT - White Uniforms Tops,B01AFSIDMI,1721.4699999999998,689,948
SP46BT - White Uniforms Tops,B01AFSIDNC,135.23,690,948
SP46BT - Dark Navy Uniforms Tops,B01AFSIDMI,786.26,689,946
SP46BT - Dark Navy Uniforms Tops,B01AFSIDNC,199.14999999999998,690,946
QT12BT - Charcoal Flame Resistant Tops,B01C4C3238,1866.46,697,594
QT12BT - Charcoal Flame Resistant Tops,B01C4C33DC,607.11,702,594
QT12 - Dark Blue Flame Resistant Tops,B01C4C3238,1272.4099999999999,697,592
QT12 - Dark Blue Flame Resistant Tops,B01C4C33DC,753.55,702,592
QT12 - Black Flame Resistant Tops,B01C4C3238,1055.18,697,590
QT12 - Black Flame Resistant Tops,B01C4C33DC,703.41,702,590
QT12 - Tan Flame Resistant Tops,B01C4C3238,895.3799999999999,697,593
QT12 - Tan Flame Resistant Tops,B01C4C33DC,517.45,702,593
QT12BT - Red Flame Resistant Tops,B01C4C3238,612.06,697,595
QT12BT - Red Flame Resistant Tops,B01C4C33DC,209.63000000000002,702,595
QT12 - Blue Flame Resistant Tops,B01C4C3238,377.44000000000005,697,591
QT12 - Blue Flame Resistant Tops,B01C4C33DC,237.05,702,591
BLC8NV LN XXL - Navy Flame Resistant Bottoms,B00JIHGGUO,1852.6499999999999,375,205
PD40 - Indigo Jeans,B00O4UYRTM,1796.1600000000003,396,432
WJ40 - Black Outerwear,B00O4ZKE9E,1770.72,427,1097
WJ40 - Navy Outerwear,B00O4ZKE9E,902.47,427,1099
WJ40 - Charcoal Outerwear,B00O4ZKE9E,711.2300000000001,427,1098
SL50 - White/Blue Pin Stripe Uniforms Tops,B00O972UGC,1766.1399999999999,554,777
1T21 - Khaki Industrial,B00SBHLM9M,1760.1999999999998,622,133
1T21 - Black Industrial,B00SBHLM9M,1668.04,622,130
1T21 - Burgundy Industrial,B00SBHLM9M,1439.19,622,131
1T21 - Red Industrial,B00SBHLM9M,1434.0,622,135
1T21 - Navy Industrial,B00SBHLM9M,1386.3899999999999,622,134
1T21P - White Industrial,B00SBHLM9M,1305.45,622,138
1T21 - Royal Blue Industrial,B00SBHLM9M,1233.63,622,136
1T21 - Emerald Industrial,B00SBHLM9M,879.4300000000001,622,132
1T21 - Stone Industrial,B00SBHLM9M,36.1,622,137
TP23P - Navy Hospitality,B00SBHNPF6,1730.79,660,1072
TP23P - Light Blue Hospitality,B00SBHNPF6,734.64,660,1071
TP23P - Tan Hospitality,B00SBHNPF6,529.3,660,1073
TP23P - White Hospitality,B00SBHNPF6,482.63,660,1074
TP23 - Red Hospitality,B00SBHNPF6,319.19,660,1070
SB22 - Petrol Blue/Navy Woven Shirts,B00O972G66,1729.06,537,624
SB22 - Petrol Blue/Navy Woven Shirts,B00781QTLI,97.56,101,624
SB22 - Petrol Blue/Navy Woven Shirts,B00781QUUI,95.59,103,624
SB22 - Petrol Blue/Navy Woven Shirts,B00781QV8O,81.28,104,624
SB22 - Petrol Blue/Navy Woven Shirts,B00781QTZY,8.88,102,624
SS24 - Fluorescent Yellow/Green High Visibility Tops,B00O971WA2,1724.7800000000002,506,1027
SS24 - Fluorescent Yellow/Green High Visibility Tops,B007GBW4GO,120.78,178,1027
SS24 - Fluorescent Yellow/Green High Visibility Tops,B007GBW2NY,16.34,176,1027
TP11 - Navy Hospitality,B00SBHNJ8O,1721.71,659,1068
TP11 - White Hospitality,B00SBHNJ8O,637.56,659,1069
SLU8NV LN XXL - Navy Flame Resistant Tops,B00HUA6X22,1702.3700000000001,358,796
SLU8KH RG 3XL - Khaki Flame Resistant Tops,B00HUA6X22,1423.3400000000001,358,794
SLU8GY RG S - Grey Flame Resistant Tops,B00HUA6X22,1397.61,358,793
SLU8LB RG 3XL - Light Blue Flame Resistant Tops,B00HUA6X22,510.26,358,795
SL60 - White/Blue Pin Stripe Uniforms Tops,B00O972UIU,1687.3,555,778
SL60 - White/Blue Pin Stripe Uniforms Tops,B01EOXORLQ,254.99,713,778
SL60 - White/Blue Pin Stripe Uniforms Tops,B0058T2RMW,123.47,6,778
JLF6BK RG XL - Black Flame Resistant Outerwear,B00HUA3LOA,1684.06,328,316
JT40 - Black/Charcoal Outerwear,B00O971R8O,1673.7,498,339
LMS6NV RG 3XL - Navy Flame Resistant Outerwear,B00JIJHWJQ,1641.54,380,397
CMD4NV RG 56 - Navy Flame Resistant Bottoms,B00HUA2K1A,1620.3600000000001,319,253
CMD4GY RG 58 - Grey Flame Resistant Bottoms,B00HUA2K1A,233.68,319,252
SMU4KH RG M - Khaki Flame Resistant Tops,B00JFO0PRA,1591.1799999999998,374,808
SMU4GY RG 3XL - Grey Flame Resistant Tops,B00JFO0PRA,904.6099999999999,374,807
SMU4LB RG 3XL - Light Blue Flame Resistant Tops,B00JFO0PRA,578.23,374,809
SR60 - White Woven Shirts,B00O973HXM,1556.14,590,1011
SR60 - White Woven Shirts,B01EOWFIY2,116.92,712,1011
SR60 - White Woven Shirts,B007GC07NK,45.74,229,1011
SR60 - Blue/White Stripe Woven Shirts,B00O973HXM,1359.51,590,1007
SR60 - Light Blue Woven Shirts,B00O973HXM,1030.88,590,1009
SR60 - Light Blue Woven Shirts,B01EPECH98,34.83,717,1009
SR60FB - French Blue Woven Shirts,B00O973HXM,946.0100000000001,590,1012
SR60FB - French Blue Woven Shirts,B007GBZC8Q,23.98,213,1012
SR60 - Solid Grey Woven Shirts,B00O973HXM,885.1100000000001,590,1010
SR60 - Grey Stripe Woven Shirts,B00O973HXM,554.4,590,1008
SR60 - Grey Stripe Woven Shirts,B007GBZN6M,17.53,223,1008
SP10 - Blue/Charcoal Uniforms Tops,B00O972WA6,1540.8899999999999,558,823
SP10 - Khaki/Black Check Uniforms Tops,B00O972WA6,808.7199999999999,558,827
SP10 - Hunter/Khaki Check Uniforms Tops,B00O972WA6,474.14,558,826
CC18GY - Grey Coveralls,B005DDYQUE,1536.73,54,221
CC18GY - Grey Coveralls,B005DDYQYK,1332.68,56,221
CC18GY - Grey Coveralls,B005DDYQW2,1221.04,55,221
CC18GY - Grey Coveralls,B005DDYR4E,576.11,58,221
CC18GY - Grey Coveralls,B005DDYR1W,533.99,57,221
CC18GY - Grey Coveralls,B005DDYRI0,512.75,61,221
CC18GY - Grey Coveralls,B005DDYR8K,503.02,59,221
CC18GY - Grey Coveralls,B005DDYRN0,426.61,62,221
CC18GY - Grey Coveralls,B005DDYRDU,414.82,60,221
CC18GY - Grey Coveralls,B005DDYRWG,304.25,64,221
CC18GY - Grey Coveralls,B005DDYS66,250.69,66,221
CC18GY - Grey Coveralls,B005DDYS02,249.85,65,221
CC18GY - Grey Coveralls,B005DDYRS0,193.62,63,221
CC18GY - Grey Coveralls,B005DDYFNM,155.73,31,221
CC18GY - Grey Coveralls,B005DDYF96,79.3,28,221
CC18GY - Grey Coveralls,B005DDYFJQ,79.3,30,221
CC18GY - Grey Coveralls,B005DDYFRS,44.08,32,221
CC18GY - Grey Coveralls,B005DDYFEG,39.65,29,221
CC18GY - Grey Coveralls,B005DDYFU0,38.29,33,221
WP82 - Black Pants,B00O4VXWRO,1532.51,420,1116
WP82 - Charcoal Pants,B00O4VXWRO,1340.4800000000002,420,1117
WP82 - Khaki Pants,B00O4VXWRO,1195.8300000000002,420,1118
WP82 - Navy Pants,B00O4VXWRO,882.9399999999998,420,1119
KS60 - White Outerwear,B00O972DPA,1507.52,534,381
SP16WH - White Woven Shirts,B00O9731U6,1507.41,567,878
SP16LA - Light Grey Woven Shirts,B00O9731U6,1009.06,567,874
SP16NV - Navy Woven Shirts,B00O9731U6,783.33,567,877
SP16LB - Light Blue Woven Shirts,B00O9731U6,668.0400000000001,567,875
SP16LT - Light Tan Woven Shirts,B00O9731U6,276.17999999999995,567,876
SC14 - Light Blue Woven Shirts,B00O972M92,1495.67,540,625
NP12 - Red Accessories,B00O7PCDFY,1492.59,465,403
NP12 - Royal Blue Accessories,B00O7PCDFY,511.95,465,404
NP12 - White Accessories,B00O7PCDFY,85.89,465,405
QT32BT - Black Flame Resistant Tops,B01C4C35V2,1482.48,703,610
QT32BT - Black Flame Resistant Tops,B01C566U3M,515.4,705,610
QT32 - Charcoal Flame Resistant Tops,B01C4C35V2,1336.98,703,609
QT32 - Charcoal Flame Resistant Tops,B01C566U3M,558.48,705,609
QT32BT - Red Flame Resistant Tops,B01C4C35V2,1001.0699999999999,703,612
QT32BT - Red Flame Resistant Tops,B01C566U3M,641.59,705,612
QT32BT - Dark Blue Flame Resistant Tops,B01C4C35V2,847.9900000000001,703,611
QT32BT - Dark Blue Flame Resistant Tops,B01C566U3M,690.35,705,611
QT32BT - Tan Flame Resistant Tops,B01C4C35V2,694.0999999999999,703,613
QT32BT - Tan Flame Resistant Tops,B01C566U3M,603.0799999999999,705,613
QT32 - Blue Flame Resistant Tops,B01C4C35V2,524.52,703,608
QT32 - Blue Flame Resistant Tops,B01C566U3M,458.65,705,608
WS50 - White Outerwear,B00O973R5A,1479.25,604,1146
CK44 - Navy Coveralls,B00O971BWG,1475.03,482,239
WP70 - Khaki Pants,B00O4VY03O,1410.58,424,1110
WP70 - Black Pants,B00O4VY03O,1105.7400000000002,424,1108
WP70 - Charcoal Pants,B00O4VY03O,887.65,424,1109
WP70 - Navy Pants,B00O4VY03O,802.31,424,1111
SK94 - Black/cream Knit Tops,B00O9OQIMM,1379.35,620,773
SK94 - Navy/cream Knit Tops,B00O9OQIMM,1034.55,620,774
SK90 - Black Knit Tops,B019XDXNC6,1370.13,678,749
SK90 - Black Knit Tops,B019XDXNH6,440.78999999999996,680,749
SK90BT - Navy Knit Tops,B019XDXNC6,1308.94,678,756
SK90BT - Navy Knit Tops,B019XDXNH6,684.77,680,756
SK90 - Royal Blue Knit Tops,B019XDXNC6,1249.8,678,752
SK90 - Royal Blue Knit Tops,B019XDXNH6,925.0,680,752
SK90 - Red Knit Tops,B019XDXNC6,495.61,678,751
SK90 - Red Knit Tops,B019XDXNH6,99.58,680,751
SK90BT - Grey Knit Tops,B019XDXNC6,346.65999999999997,678,755
SK90BT - Grey Knit Tops,B019XDXNH6,416.07000000000005,680,755
SK90 - Tan Knit Tops,B019XDXNC6,215.45,678,753
SK90 - Tan Knit Tops,B019XDXNH6,253.4,680,753
SK90 - White Knit Tops,B019XDXNC6,185.13,678,754
SK90 - White Knit Tops,B019XDXNH6,150.99,680,754
SK90 - Medium Blue Knit Tops,B019XDXNC6,184.56,678,750
SK90 - Medium Blue Knit Tops,B019XDXNH6,95.37,680,750
KT80 - White Uniforms Jackets,B00O7PCD5E,1369.4199999999998,464,393
1360 - Red Uniforms Tops,B00O7PC1XI,1346.77,449,103
1360 - Royal Blue Uniforms Tops,B00O7PC1XI,1010.75,449,104
1360 - Black Uniforms Tops,B00O7PC1XI,907.3299999999999,449,101
1360 - Navy Uniforms Tops,B00O7PC1XI,554.88,449,102
SC30 - Khaki Woven Shirts,B00O972ON6,1343.58,545,631
SC30 - Navy Woven Shirts,B00O972ON6,1267.63,545,633
SC30 - Navy Woven Shirts,B007GBZBFK,121.98,209,633
SC30 - Navy Woven Shirts,B007GBZC7M,21.32,212,633
SC30 - Light Blue Woven Shirts,B00O972ON6,1262.8,545,632
SC30EG - Grey With Yellow/Green Visibility Trim Woven Shirts,B00O972ON6,1072.8200000000002,545,639
SC30EG - Grey With Yellow/Green Visibility Trim Woven Shirts,B00O972OS6,356.81,547,639
SC30 - Spruce Green Woven Shirts,B00O972ON6,679.7000000000002,545,636
SC30 - Postman Blue Woven Shirts,B00O972ON6,616.84,545,635
SC30 - Orange Woven Shirts,B00O972ON6,606.75,545,634
SC30EN - Navy With Yellow/Green Visibility Trim Woven Shirts,B00O972ON6,489.64,545,640
SC30EN - Navy With Yellow/Green Visibility Trim Woven Shirts,B00O972OS6,33.75,547,640
SC30 - White Woven Shirts,B00O972ON6,328.5,545,637
PT42 - Khaki Shorts,B00O4UZ1GA,1314.45,411,527
PT42 - Navy Shorts,B00O4UZ1GA,1153.69,411,528
PT42 - Charcoal Shorts,B00O4UZ1GA,778.6,411,526
SC24 - Light Blue Woven Shirts,B00O972MD8,1305.94,542,629
SC24 - Light Blue Woven Shirts,B00781Q62U,145.05,99,629
SC24 - Light Blue Woven Shirts,B00781Q6UM,84.82,100,629
SC24 - Light Blue Woven Shirts,B004IRE2L4,68.46,5,629
SC24 - Light Blue Woven Shirts,B00781Q4C2,12.01,98,629
SC70 - Charcoal Woven Shirts,B00O972ORM,1290.1100000000001,546,654
SC70 - Dark Navy Woven Shirts,B00O972ORM,1218.0900000000001,546,655
SC70 - Khaki Woven Shirts,B00O972ORM,623.3,546,656
SLU6CY RG 3XL - Blue Chambray Flame Resistant Tops,B00JFO0O8U,1285.44,372,792
ST52 - Black Uniforms Tops,B00O9NNILC,1282.51,610,1036
ST52 - Khaki Uniforms Tops,B00O9NNILC,1258.3600000000001,610,1038
ST52 - Navy Uniforms Tops,B00O9NNILC,1251.57,610,1039
ST52 - Silver Uniforms Tops,B00O9NNILC,614.97,610,1040
ST52 - Charcoal Uniforms Tops,B00O9NNILC,544.73,610,1037
427 - Black Uniforms Jackets,B00O7PBZUS,1277.57,448,162
JET2NV RG XL - Navy Flame Resistant Outerwear,B00HUA3EP6,1244.32,324,312
9S03P - Black Hospitality,B00SBHLZEO,1239.8500000000001,628,193
9S03P - Navy Hospitality,B00SBHLZEO,1027.4299999999998,628,194
9S03P - Tan Hospitality,B00SBHLZEO,861.66,628,195
9S03 - Hunter Green Hospitality,B00SBHLZEO,358.85,628,192
9S03 - Burgundy Hospitality,B00SBHLZEO,273.84000000000003,628,191
SL10 - Blue/White Stripe Woven Shirts,B00O972QVQ,1237.0699999999997,551,775
PT32 - Khaki Pants,B00O4UZ1CE,1226.73,409,513
PT32 - Khaki Pants,B007VQ0PD8,536.6400000000001,249,513
PT32 - Khaki Pants,B007GB8N5U,55.14,144,513
PT32 - Khaki Pants,B007GB8N0U,54.36,143,513
PT32 - Khaki Pants,B007GB8MII,53.99,141,513
PT32 - Khaki Pants,B007GB8MQU,11.6,142,513
PT32 - Black Pants,B00O4UZ1CE,1220.43,409,511
PT32 - Black Pants,B007GB8EH2,129.73,125,511
PT32 - Black Pants,B007GB8EBI,111.37,124,511
PT32 - Black Pants,B007GB8ERC,97.5,126,511
PT32 - Black Pants,B007GB8DF0,86.39,120,511
PT32 - Black Pants,B007GB8DUU,68.08,122,511
PT32 - Black Pants,B007GB8F8K,67.29,128,511
PT32 - Black Pants,B007GB8FDU,63.25,129,511
PT32 - Black Pants,B007GB8EVS,55.32,127,511
PT32 - Black Pants,B007GB8DZK,52.98,123,511
PT32 - Black Pants,B007GB8DM8,24.46,121,511
PT32 - Black Pants,B007GB8CW4,22.53,118,511
PT32 - Black Pants,B007GB8D00,11.61,119,511
PT32 - Navy Pants,B00O4UZ1CE,1119.74,409,514
PT32 - Navy Pants,B007GB98R2,101.31,147,514
PT32 - Navy Pants,B007GB9AI4,96.49,152,514
PT32 - Navy Pants,B007GB9BM4,89.48,155,514
PT32 - Navy Pants,B007GB982M,56.32,146,514
PT32 - Navy Pants,B007GB98WW,55.18,148,514
PT32 - Navy Pants,B007GB9BF6,46.98,154,514
PT32 - Navy Pants,B007GB99SU,33.97,149,514
PT32 - Navy Pants,B007GB9ADY,31.99,151,514
PT32 - Navy Pants,B007GB9A8E,12.9,150,514
PT32 - Navy Pants,B007GB97XM,11.61,145,514
PT32 - Navy Pants,B007GB9AXE,10.13,153,514
PT32 - Charcoal Pants,B00O4UZ1CE,895.6,409,512
PT32 - Charcoal Pants,B007GB8K4O,118.65,138,512
PT32 - Charcoal Pants,B007GB8HLU,91.22,131,512
PT32 - Charcoal Pants,B007GB8KCG,88.95,139,512
PT32 - Charcoal Pants,B007GB8KLC,76.59,140,512
PT32 - Charcoal Pants,B007GB8IJQ,58.52,134,512
PT32 - Charcoal Pants,B007GB8JEU,35.62,136,512
PT32 - Charcoal Pants,B007GB8GW0,34.04,130,512
PT32 - Charcoal Pants,B007GB8HP6,22.76,132,512
PT32 - Charcoal Pants,B007GB8JPO,22.43,137,512
PT32 - Charcoal Pants,B007GB8J1S,22.28,135,512
PT32 - Charcoal Pants,B007GB8IB4,11.61,133,512
PEJ2NV 50 34 - Navy Flame Resistant Bottoms,B01FGWBB9U,1207.53,727,443
HNH2NV RG M - Navy Flame Resistant Tops,B00JFO0LBU,1193.55,368,298
HNH2RB RG M - Royal Blue Flame Resistant Tops,B00JFO0LBU,58.46,368,299
PC54 - Black Uniforms Bottoms,B00O7PBN82,1183.76,432,423
PC54 - White/Black Check Uniforms Bottoms,B00O7PBN82,383.31,432,424
4006 - White Outerwear,B00O9725Y4,1161.62,516,145
CC18RD - Red Coveralls,B005DDYPUU,1159.45,42,223
CC18RD - Red Coveralls,B005DDYQ5O,1137.11,45,223
CC18RD - Red Coveralls,B005DDYQ7M,1036.15,46,223
CC18RD - Red Coveralls,B005DDYPW8,949.45,43,223
CC18RD - Red Coveralls,B005DDYQ22,735.06,44,223
CC18RD - Red Coveralls,B005DDYQA4,507.62,47,223
CC18RD - Red Coveralls,B005DDYQAY,494.19,48,223
CC18RD - Red Coveralls,B005DDYQFE,430.37,49,223
CC18RD - Red Coveralls,B005DDYDHK,304.84,19,223
CC18RD - Red Coveralls,B005DDYQHW,218.23,50,223
CC18RD - Red Coveralls,B005DDYQRC,203.52,53,223
CC18RD - Red Coveralls,B01E0YUORU,157.89,710,223
CC18RD - Red Coveralls,B005DDYECO,141.78,22,223
CC18RD - Red Coveralls,B007VDUDGK,123.5,248,223
CC18RD - Red Coveralls,B005DDYQKY,122.23,51,223
CC18RD - Red Coveralls,B005DDYQMM,119.82,52,223
CC18RD - Red Coveralls,B005DDYF32,104.27,27,223
CC18RD - Red Coveralls,B005DDYE5G,79.32,21,223
CC18RD - Red Coveralls,B005DDYDT8,65.54,20,223
CC18RD - Red Coveralls,B005DDYEHO,62.97,23,223
CC18RD - Red Coveralls,B00O971BVC,61.19,481,223
CC18RD - Red Coveralls,B005DDYEY2,51.99,26,223
CC18RD - Red Coveralls,B005DDYEME,46.16,24,223
CC18RD - Red Coveralls,B005DDYEQK,29.26,25,223
PC46 - Navy Pants,B00O4UYOOU,1142.7199999999998,394,422
PC46 - Khaki Pants,B00O4UYOOU,1013.0799999999999,394,421
PC46 - Black Pants,B00O4UYOOU,790.46,394,420
CLC8NV LN XL - Navy Flame Resistant Bottoms,B00HRFU29U,1134.38,305,246
KS62 - White Outerwear,B00O972DL4,1121.21,532,382
SP20 - Hunter/Khaki Check Uniforms Tops,B00O9733Y0,1120.05,569,885
JD20 - Navy Duck Outerwear,B00O971G9O,1110.05,491,309
JD20 - Brown Duck Outerwear,B00O971G9O,679.15,491,308
KDE4SB RG M - Sky Blue Flame Resistant Bottoms,B00HUA4BN0,1079.74,336,348
LN30 - Black Outerwear,B00O971U5E,1065.63,505,398
SK72 - Navy Knit Tops,B00O9OQIHC,1056.4299999999998,618,729
SK72 - Burgundy Knit Tops,B00O9OQIHC,1014.8199999999999,618,722
SK72 - Black Knit Tops,B00O9OQIHC,834.4200000000001,618,721
SK72 - Khaki Knit Tops,B00O9OQIHC,712.78,618,726
SK72 - Marine Blue Knit Tops,B00O9OQIHC,583.3499999999999,618,728
SK72 - Emerald Knit Tops,B00O9OQIHC,505.06000000000006,618,723
SK72 - Royal Blue Knit Tops,B00O9OQIHC,361.01,618,731
SK72 - Red Knit Tops,B00O9OQIHC,326.72,618,730
SK72 - Silver Knit Tops,B00O9OQIHC,319.39,618,732
SK72 - Gold Knit Tops,B00O9OQIHC,294.16,618,724
SK72 - White Knit Tops,B00O9OQIHC,279.85,618,733
SK72 - Light Blue Knit Tops,B00O9OQIHC,258.53999999999996,618,727
SK72 - Jade Knit Tops,B00O9OQIHC,182.85,618,725
SS14 - Fluorescent Yellow/Green High Visibility Tops,B00O971WMK,1052.51,507,1023
SS14OR - Fluorescent Orange Woven Shirts,B00O971WMK,638.45,507,1024
SS14OR - Fluorescent Orange Woven Shirts,B007GBZB14,905.52,207,1024
SS14OR - Fluorescent Orange Woven Shirts,B00O973I2M,850.26,591,1024
SS14OR - Fluorescent Orange Woven Shirts,B007GBZBZA,813.64,211,1024
SS14OR - Fluorescent Orange Woven Shirts,B007GBZELQ,776.03,215,1024
SS14OR - Fluorescent Orange Woven Shirts,B007GBZDLC,548.39,214,1024
SS14OR - Fluorescent Orange Woven Shirts,B007GBZBEQ,55.83,208,1024
SS14OR - Fluorescent Orange Woven Shirts,B007GBZBMI,31.82,210,1024
PLW2NV 50 34 - Navy Flame Resistant Bottoms,B00HUA5MSI,1051.0700000000002,347,458
SP81 - Khaki Hospitality,B00SBHN8RQ,1050.62,654,982
SP81 - White Hospitality,B00SBHN8RQ,801.14,654,987
SP81 - Red Hospitality,B00SBHN8RQ,752.5999999999999,654,985
SP81 - Navy Hospitality,B00SBHN8RQ,744.98,654,984
SP81 - Black Hospitality,B00SBHN8RQ,681.51,654,980
SP81 - Light Blue Hospitality,B00SBHN8RQ,642.3900000000001,654,983
SP81 - Burgundy Hospitality,B00SBHN8RQ,521.48,654,981
SP81 - Royal Blue Hospitality,B00SBHN8RQ,485.45,654,986
SP65 - White Hospitality,B00SBHN394,1038.0,652,964
SP65 - Blue Hospitality,B00SBHN394,176.17000000000002,652,963
SY50 - Navy Woven Shirts,B00O973OGM,1023.8499999999999,598,1061
SY50 - Charcoal Woven Shirts,B00O973OGM,768.6400000000001,598,1057
SY50 - Grey Woven Shirts,B00O973OGM,765.39,598,1058
SY50 - Light Blue Woven Shirts,B00O973OGM,747.47,598,1060
SY50 - Black Woven Shirts,B00O973OGM,583.49,598,1056
SY50 - Khaki Woven Shirts,B00O973OGM,565.52,598,1059
SL20 - Blue/White Stripe Woven Shirts,B00O972UJE,1018.01,556,776
SL20 - Blue/White Stripe Woven Shirts,B0078X2JME,83.61,117,776
SL20 - Blue/White Stripe Woven Shirts,B0078X2IOS,68.22,114,776
SL20 - Blue/White Stripe Woven Shirts,B0078X2J06,48.6,116,776
SL20 - Blue/White Stripe Woven Shirts,B0078X2I84,29.94,112,776
SL20 - Blue/White Stripe Woven Shirts,B0078X2IW0,24.56,115,776
SL20 - Blue/White Stripe Woven Shirts,B0078X2IIO,7.96,113,776
SP24 - Blue/Charcoal Woven Shirts,B00O9738MC,1008.6299999999999,574,897
SP24 - Blue/Charcoal Woven Shirts,B007GBXB8Y,223.1,195,897
SP24 - Blue/Charcoal Woven Shirts,B007GBXAKS,179.96,193,897
SP24 - Denim Blue Micro Check Woven Shirts,B00O9738MC,915.6099999999999,574,904
SP24 - Khaki/black Woven Shirts,B00O9738MC,788.6800000000001,574,909
CLD4NV RG 36 - Navy Flame Resistant Bottoms,B00JIJHV6K,1001.14,378,249
CLD4GY RG 38 - Grey Flame Resistant Bottoms,B00JIJHV6K,828.1000000000001,378,247
CLD4RB RG 52 - Royal Blue Flame Resistant Bottoms,B00JIJHV6K,692.95,378,250
CLD4KH RG 58 - Khaki Flame Resistant Bottoms,B00JIJHV6K,511.11,378,248
CLD4RD RG 58 - Red Flame Resistant Bottoms,B00JIJHV6K,157.09,378,251
SNS6RB RG XXL - Royal Blue Flame Resistant Tops,B00HUA7MEU,996.6600000000001,364,818
SS14YE - Fluorescent Yellow/green Woven Shirts,B007GBZKI8,995.25,219,1025
SS14YE - Fluorescent Yellow/green Woven Shirts,B00O973I2M,236.92,591,1025
SS14YE - Fluorescent Yellow/green Woven Shirts,B007GBZNB2,489.94,224,1025
SS14YE - Fluorescent Yellow/green Woven Shirts,B007GBZLTG,452.14,222,1025
SS14YE - Fluorescent Yellow/green Woven Shirts,B007GBZLFA,120.05,221,1025
SS14YE - Fluorescent Yellow/green Woven Shirts,B007GBZJQG,89.32,217,1025
SS14YE - Fluorescent Yellow/green Woven Shirts,B007GBZKRO,50.92,220,1025
SS14YE - Fluorescent Yellow/green Woven Shirts,B007GBZK6K,5.98,218,1025
JLB8BD LN XXL - Brown Duck Flame Resistant Outerwear,B00HUA3I7U,991.75,326,314
RT32SY - Safety Yellow High Visibility Tops,B019XDXNQ2,988.9200000000001,683,622
4010 - White Outerwear,B00O972620,976.58,517,146
425 - Black Uniforms Jackets,B00O7PBTYK,973.1000000000001,446,161
BLN4BD RG M - Brown Duck Flame Resistant Bottoms,B00HUA0PKS,967.76,312,208
PT27P - Tan Hospitality,B00SBHMIQ8,964.27,641,503
PT27 - Navy Hospitality,B00SBHMIQ8,743.4100000000001,641,502
PT27 - Black Hospitality,B00SBHMIQ8,579.8199999999999,641,500
PT27 - Charcoal Hospitality,B00SBHMIQ8,399.31000000000006,641,501
KK26 - Electronic Blue Outerwear,B00O9729CW,946.55,524,351
KK26 - White Outerwear,B00O9729CW,488.49,524,352
PEJMSD 50 34 - Sanded Denim Flame Resistant Bottoms,B01M5H4TUB,942.78,730,449
PEJMSD 50 34 - Sanded Denim Flame Resistant Bottoms,B01M69U2T2,112.93,731,449
RT30 - Steel Grey Knit Tops,B019XDXKSI,937.3899999999999,672,620
RT30 - Enamel Blue Knit Tops,B019XDXKSI,713.54,672,619
TP31 - Navy Hospitality,B00SBHNQ00,936.74,661,1077
TP31 - Royal Blue Hospitality,B00SBHNQ00,678.5,661,1078
TP31P - Red Hospitality,B00SBHNQ00,629.19,661,1080
TP31P - Light Blue Hospitality,B00SBHNQ00,524.53,661,1079
TP31P - White Hospitality,B00SBHNQ00,396.27,661,1081
BNN2NV LN XXL - Navy Flame Resistant Bottoms,B00HUA0UR6,924.3,313,210
PT39 - Khaki Hospitality,B00SBHMJ94,924.3,642,524
PT39 - Black Hospitality,B00SBHMJ94,437.18,642,523
PT39 - Navy Hospitality,B00SBHMJ94,396.24000000000007,642,525
420 - White Uniforms Jackets,B00O7PBTWW,919.75,445,158
CLBTRB RG 58 - Royal Blue Flame Resistant Bottoms,B00JIJHTUS,914.4300000000001,377,245
PS56 - White Pants,B00O4UYV3O,913.74,403,470
SP60CW - White/Charcoal Stripe Uniforms Tops,B00O973DV8,912.12,584,958
SP60CW - White/Charcoal Stripe Uniforms Tops,B01EQ19UQ8,317.41999999999996,718,958
SP60CW - White/Charcoal Stripe Uniforms Tops,B0058T3H6M,28.14,10,958
SK28 - Hunter Green Knit Tops,B00O9OQG1U,900.28,612,704
SK28 - Navy Knit Tops,B00O9OQG1U,829.5200000000001,612,707
SK28 - Black Knit Tops,B00O9OQG1U,672.76,612,702
SK28 - Burgundy Knit Tops,B00O9OQG1U,471.08000000000004,612,703
SK28 - Royal Blue Knit Tops,B00O9OQG1U,460.92,612,709
SK28 - Light Grey Knit Tops,B00O9OQG1U,373.03999999999996,612,706
SK28 - Red Knit Tops,B00O9OQG1U,362.64,612,708
SK28 - Light Blue Knit Tops,B00O9OQG1U,361.84,612,705
SK28 - White Knit Tops,B00O9OQG1U,222.62,612,710
PD63 - Blue Industrial,B00SBHMD68,888.88,638,439
SC40OR - Orange Woven Shirts,B00O972OS6,886.4599999999999,547,649
SC40DN - Dark Navy Woven Shirts,B00O972OS6,696.4399999999999,547,647
SC40 - Graphite Grey Woven Shirts,B00O972OS6,670.69,547,641
SC40 - Graphite Grey Woven Shirts,B007GC0LHW,92.5,242,641
SC40 - Grey With Yellow/Green Visibility Trim Woven Shirts,B00O972OS6,527.98,547,642
SC40 - Grey With Yellow/Green Visibility Trim Woven Shirts,B01ET1IBUG,76.03,723,642
SC40 - Grey With Yellow/Green Visibility Trim Woven Shirts,B00O97QD5Q,20.4,606,642
SC40 - Navy Woven Shirts,B00O972OS6,424.45,547,645
SC40 - Navy Woven Shirts,B007GC0YPG,117.06,246,645
SC40 - Navy Woven Shirts,B007GC0ZJ6,19.51,247,645
SC40PB - Postman Blue Woven Shirts,B00O972OS6,278.88,547,650
SC40PB - Postman Blue Woven Shirts,B007GBVG5Y,23.36,157,650
SC40PB - Postman Blue Woven Shirts,B007GBVFKA,19.47,156,650
SC40KH - Khaki Woven Shirts,B00O972OS6,270.69,547,648
SC40KH - Khaki Woven Shirts,B007GC0RNU,85.36,244,648
SC40KH - Khaki Woven Shirts,B007GC0QJ0,62.25,243,648
SC40 - Light Blue Woven Shirts,B00O972OS6,262.51,547,643
SC40 - Light Blue Woven Shirts,B007GC0V0E,39.02,245,643
SC40 - Spruce Green Woven Shirts,B00O972OS6,230.65000000000003,547,646
SC40WH - White Woven Shirts,B00O972OS6,228.76,547,651
SC40 - Navy With Yellow/Green Visibility Trim Woven Shirts,B00O972OS6,46.8,547,644
SC40 - Navy With Yellow/Green Visibility Trim Woven Shirts,B01EUOR3IS,143.9,724,644
MPU4GY SS XL - Grey Flame Resistant Tops,B00HRFUT5W,878.6499999999999,306,401
SP36 - Medium Blue Uniforms Tops,B01AFSIDAK,874.15,686,944
SP36 - Medium Blue Uniforms Tops,B01AFSIDSM,132.67,692,944
SP36 - White Uniforms Tops,B01AFSIDAK,411.5,686,945
SP36 - White Uniforms Tops,B01AFSIDSM,286.26,692,945
SP36 - Dark Navy Uniforms Tops,B01AFSIDAK,373.07,686,943
SP36 - Dark Navy Uniforms Tops,B01AFSIDSM,29.4,692,943
5090 - White Outerwear,B00O9726CK,862.3,520,174
SK08 - Charcoal/Blue Knit Tops,B00O9OQGGU,858.45,615,694
SK08 - Black/Grey Knit Tops,B00O9OQGGU,839.8600000000001,615,693
SK08 - Navy/Stone Knit Tops,B00O9OQGGU,308.61,615,695
SS36WH - White Woven Shirts,B00O973KKM,845.56,594,1033
SS36LB - Light Blue Woven Shirts,B00O973KKM,375.65000000000003,594,1032
JLH4BD RG S - Brown Duck Flame Resistant Outerwear,B00HUA3PI2,813.6199999999999,329,317
SB12 - Petrol Blue/Navy Woven Shirts,B00O972G7U,811.05,538,623
VMV8HV RG M - Yellow/Green Flame Resistant Outerwear,B00HUA7RAO,808.47,365,1094
PC80 - White Pants,B019XDXL6E,800.04,677,427
SP14 - Grey/Black With Red/White Woven Shirts,B00O9731JW,785.0699999999999,564,847
WP92 - Khaki Shorts,B00O4VXX9G,779.04,423,1126
WP92 - Navy Shorts,B00O4VXX9G,473.78999999999996,423,1127
WP92 - Black Shorts,B00O4VXX9G,239.5,423,1124
WP92 - Charcoal Shorts,B00O4VXX9G,229.62,423,1125
404 - White Uniforms Jackets,B00O7PBRD8,766.49,439,151
KS64 - White Outerwear,B00O972DOQ,745.1,533,383
SY60 - Charcoal Woven Shirts,B00O973OZS,743.78,602,1063
SY60 - Charcoal Woven Shirts,B00O98HZ8Y,31.02,609,1063
SY60 - Charcoal Woven Shirts,B01M8NQWZV,31.0,732,1063
SY60 - Charcoal Woven Shirts,B00O98HYPI,16.09,608,1063
SY60 - Black Woven Shirts,B00O973OZS,522.1,602,1062
SY60 - Black Woven Shirts,B01ERS4EB6,29.76,721,1062
SY60 - Light Blue Woven Shirts,B00O973OZS,332.91,602,1066
SY60 - Light Blue Woven Shirts,B01EP4LYIS,9.01,714,1066
SY60 - Navy Woven Shirts,B00O973OZS,311.02,602,1067
SY60 - Navy Woven Shirts,B01MQ6GWQN,23.64,734,1067
SY60 - Navy Woven Shirts,B01MFDJZT4,9.94,733,1067
SY60 - Grey Woven Shirts,B00O973OZS,285.76,602,1064
SY60 - Khaki Woven Shirts,B00O973OZS,238.98999999999998,602,1065
SY60 - Khaki Woven Shirts,B01M8NQWZV,30.42,732,1065
LML2GY RG 3XL - Grey Flame Resistant Outerwear,B00HUA4M0C,724.11,340,396
SMU2LB RG XXL - Light Blue Flame Resistant Tops,B00HUA77G8,707.04,360,804
SMU2KH RG XXL - Khaki Flame Resistant Tops,B00HUA77G8,692.23,360,803
SMU2NV RG XXL - Navy Flame Resistant Tops,B00HUA77G8,615.05,360,805
SP50LT - Light Tan Uniforms Tops,B00O973AZM,698.79,580,951
SP50WH - White Uniforms Tops,B00O973AZM,456.45000000000005,580,953
SP50LA - Light Grey Uniforms Tops,B00O973AZM,297.71999999999997,580,950
SP50MB - Petrol Blue Uniforms Tops,B00O973AZM,179.55999999999997,580,952
KT74 - White With Black Trim Uniforms Jackets,B00O7PC7KA,678.3900000000001,459,391
SK02 - Black Knit Tops,B00O9OQFZW,675.9000000000001,611,684
SK02 - Ash Knit Tops,B00O9OQFZW,455.02000000000004,611,683
SK02 - Royal Blue Knit Tops,B00O9OQFZW,361.06,611,691
SK02 - Burgundy Knit Tops,B00O9OQFZW,337.21999999999997,611,685
SK02 - Khaki Knit Tops,B00O9OQFZW,334.21999999999997,611,687
SK02 - Hunter Green Knit Tops,B00O9OQFZW,232.17000000000002,611,686
SK02 - White Knit Tops,B00O9OQFZW,212.31,611,692
SK02 - Medium Blue Knit Tops,B00O9OQFZW,202.32999999999998,611,688
SK02 - Red Knit Tops,B00O9OQFZW,169.31,611,690
SK02 - Navy Knit Tops,B00O9OQFZW,164.83,611,689
414 - White Uniforms Jackets,B00O7PBRK6,669.77,441,155
HLB6LD RG M - Light Denim Flame Resistant Bottoms,B006IEISD8,668.0,97,290
PNJ8RB 50 34 - Royal Blue Flame Resistant Bottoms,B00HUA5UQW,665.4,350,462
403 - White Uniforms Jackets,B00O7PBPDK,664.06,435,150
LNL2NV LN M - Navy Flame Resistant Outerwear,B00HUA4RHA,663.55,341,399
SC64ST - Stone/Navy Woven Shirts,B00O972OUO,656.0699999999999,548,653
SC64NV - Navy/Stone Woven Shirts,B00O972OUO,632.51,548,652
SP23P - Navy Industrial,B00SBHN2G8,641.0999999999999,650,894
SP23P - Blue Industrial,B00SBHN2G8,380.6,650,892
SP23P - Light Blue Industrial,B00SBHN2G8,257.70000000000005,650,893
SP23P - White Industrial,B00SBHN2G8,235.54000000000002,650,895
HP60 - Black Accessories,B00O7PC7LO,632.84,461,302
HP60 - Red Accessories,B00O7PC7LO,342.24,461,303
HP60 - White Accessories,B00O7PC7LO,237.75,461,304
HP60 - White With Black Band Accessories,B00O7PC7LO,77.86,461,305
SP14 - Navy/Light Blue Twin Stripe Woven Shirts,B00O9731QU,623.93,565,861
SP14 - Charcoal/Red Twin Stripe Woven Shirts,B00O9731QU,521.86,565,840
SP14 - Medium Blue/Light Blue Twin Stripe Woven Shirts,B00O9731QU,474.30999999999995,565,856
SLU3KH RG M - Khaki Flame Resistant Tops,B00JFO0NHM,618.42,371,789
PZ33 - Black Industrial,B00SBHMPHK,618.33,645,574
PZ33 - Navy Industrial,B00SBHMPHK,539.7099999999999,645,577
PZ33 - Khaki Industrial,B00SBHMPHK,404.53,645,576
PZ33 - Charcoal Industrial,B00SBHMPHK,329.06,645,575
SP04 - White/Black Uniforms Tops,B00O7PCDMC,603.9,467,819
406 - White Outerwear,B00O971WT8,597.24,510,152
SLD6 - Teal Flame Resistant Tops,B01C566U5A,590.4,707,780
SLD6 - Teal Flame Resistant Tops,B01C566U96,64.46,709,780
SLD6 - Burgundy Flame Resistant Tops,B01C566U5A,410.64,707,779
SLD6 - Burgundy Flame Resistant Tops,B01C566U96,257.84,709,779
RH10 - Iron Heather Sweatshirts/Hoodies,B019XDXKRY,571.02,671,616
RH10 - Bark Brown Sweatshirts/Hoodies,B019XDXKRY,471.28,671,615
JNT2NV RG XXL - Navy Flame Resistant Outerwear,B00HUA454U,546.87,335,324
SR65 - French Blue Hospitality,B00SBHN9ES,538.55,656,1017
SLS2LB RG M - Light Blue Flame Resistant Tops,B00JFO0MMI,529.49,370,783
SP25P - White Industrial,B00SBHN38U,522.32,651,933
SP25P - Light Blue Industrial,B00SBHN38U,169.51000000000002,651,932
QT10 - Dark Blue Flame Resistant Tops,B01C4C32A6,514.87,701,581
QT10 - Dark Blue Flame Resistant Tops,B01C4C326U,120.57,699,581
QT10 - Charcoal Flame Resistant Tops,B01C4C32A6,422.99,701,580
QT10 - Charcoal Flame Resistant Tops,B01C4C326U,24.46,699,580
QT10 - Red Flame Resistant Tops,B01C4C32A6,315.78999999999996,701,582
QT10 - Tan Flame Resistant Tops,B01C4C32A6,301.17,701,583
QT10 - Black Flame Resistant Tops,B01C4C32A6,181.99,701,578
QT10 - Black Flame Resistant Tops,B01C4C326U,24.45,699,578
QT10 - Blue Flame Resistant Tops,B01C4C32A6,171.04,701,579
QT10 - Blue Flame Resistant Tops,B01C4C326U,24.46,699,579
SMZ6NV RG S - Navy Flame Resistant Tops,B00HUA7CFE,510.61,361,811
PC86 - Navy Shorts,B00O4UYRWO,502.6,397,429
PC86 - Khaki Shorts,B00O4UYRWO,301.12,397,428
416 - White Outerwear,B00O97232I,499.01,511,157
HNL2NV RG M - Navy Flame Resistant Outerwear,B00CC3MOZM,496.18,271,300
SK91BT - Black Tops and Sweaters,B0178EI1YM,492.71000000000004,668,762
SK91 - Royal Blue Tops and Sweaters,B0178EI1YM,303.33000000000004,668,760
SK91 - Navy Tops and Sweaters,B0178EI1YM,267.06,668,759
SK91BT - White Tops and Sweaters,B0178EI1YM,249.23000000000002,668,764
SK91BT - Red Tops and Sweaters,B0178EI1YM,219.95,668,763
SK91 - Tan Tops and Sweaters,B0178EI1YM,151.27,668,761
SK91 - Grey Tops and Sweaters,B0178EI1YM,127.16,668,757
SK91 - Medium Blue Tops and Sweaters,B0178EI1YM,53.7,668,758
RH20 - Iron Heather Sweatshirts/Hoodies,B019XDXL3W,492.67999999999995,676,618
RH20 - Bark Brown Sweatshirts/Hoodies,B019XDXL3W,399.35,676,617
SH10 - Charcoal Uniforms Tops,B00O972R56,489.15000000000003,552,679
SH10 - Navy Uniforms Tops,B00O972R56,187.5,552,680
HP70 - Black Accessories,B00O7PCATI,489.06,462,306
HP70 - White Accessories,B00O7PCATI,8.15,462,307
KP38 - White Outerwear,B00O972BKW,483.67,529,373
RT32 - Safety Grey Knit Tops,B019XDXNKI,479.68000000000006,682,621
VD22 - Navy Duck Vests,B00O971WPC,478.04999999999995,509,1093
VD22 - Brown Duck Vests,B00O971WPC,231.58,509,1092
PD30 - Brown Duck Jeans,B00O4UYRRO,475.01,395,430
PD30 - Navy Duck Jeans,B00O4UYRRO,338.35,395,431
HMB2NV RG M - Navy Flame Resistant Tops,B00CC3MQ3W,470.71,272,294
AB14BK - Black Accessories,B00O9719DW,467.04999999999995,474,200
SC30-2 - Graphite Grey Woven Shirts,B00O972OL8,464.65999999999997,544,638
SC30-2 - Graphite Grey Woven Shirts,B007GBYMUK,176.65,202,638
SC30-2 - Graphite Grey Woven Shirts,B007GBYJSA,155.2,201,638
SC30-2 - Graphite Grey Woven Shirts,B007GBYIVI,119.84,200,638
SC30-2 - Graphite Grey Woven Shirts,B007GBYNJA,74.71,203,638
5050 - White Uniforms Tops,B00O7PC5A2,456.20000000000005,456,171
HMC4NV RG M - Navy Flame Resistant Outerwear,B00CC5CU4K,450.89,287,296
PC20ENBT - Enhanced Visibility Dark Navy Pants,B019XDXL0U,449.71999999999997,675,413
PC20ENBT - Enhanced Visibility Dark Navy Pants,B019XDXKWY,82.78,674,413
PT55 - Black Uniforms Bottoms,B00O7PBPH6,443.99,438,540
PT55 - Black/white Check Uniforms Bottoms,B00O7PBPH6,442.39,438,541
SP50CW - White/Charcoal Stripe Uniforms Tops,B00O973B4W,440.83,582,949
SK14 - Tan/Black Knit Tops,B00O9OQG92,439.40000000000003,614,701
SK14 - Light Grey/Black Knit Tops,B00O9OQG92,422.36,614,700
SK14 - Hunter/Tan Knit Tops,B00O9OQG92,371.23,614,699
SK14 - Burgundy/Navy Knit Tops,B00O9OQG92,228.08999999999997,614,698
SR75P - French Blue Hospitality,B00SBHNIO4,432.63,658,1022
SEL3NV RG L - Navy Bottoms and Overalls,B00JFO0M1Y,426.76,369,668
SK82 - Khaki Knit Tops,B00O9OQIFY,425.34000000000003,617,743
SK82 - Light Blue Knit Tops,B00O9OQIFY,321.78,617,744
SK82 - Navy Knit Tops,B00O9OQIFY,251.14,617,745
SK82 - Black Knit Tops,B00O9OQIFY,219.32,617,742
SK82 - Royal Blue Knit Tops,B00O9OQIFY,183.35,617,747
SK82 - Red Knit Tops,B00O9OQIFY,137.96,617,746
SK82 - White Knit Tops,B00O9OQIFY,125.51,617,748
SP74 - Grey/Blue Uniforms Tops,B00O973E58,424.67,587,969
SP74 - White/Blue Uniforms Tops,B00O973E58,337.28000000000003,587,970
SK80 - Navy Knit Tops,B019XDXNHQ,420.45000000000005,681,737
SK80 - Navy Knit Tops,B019XDXNGW,385.76,679,737
SK80 - Black Knit Tops,B019XDXNHQ,228.51999999999998,681,734
SK80 - Black Knit Tops,B019XDXNGW,313.55,679,734
SK80 - Grey Knit Tops,B019XDXNHQ,161.76999999999998,681,735
SK80 - Grey Knit Tops,B019XDXNGW,351.57,679,735
SK80 - Medium Blue Knit Tops,B019XDXNHQ,31.269999999999996,681,736
SK80 - Medium Blue Knit Tops,B019XDXNGW,346.08000000000004,679,736
KEW2VG RG S - Visual Green Green Flame Resistant Outerwear,B00HUA4H52,418.25,338,350
JLC4BD LN XXL - Brown Duck Flame Resistant Outerwear,B00HUA3K1Y,412.77,327,315
KT18 - White Outerwear,B00O972DKA,406.09,531,384
HNB2NA RG M - Natural Flame Resistant Tops,B00CC3S7ZS,402.88,278,297
QT30 - Tan Flame Resistant Tops,B01C4C363E,392.46,704,607
QT30 - Tan Flame Resistant Tops,B01C4C3224,60.290000000000006,696,607
QT30 - Red Flame Resistant Tops,B01C4C363E,252.14999999999998,704,606
QT30 - Red Flame Resistant Tops,B01C4C3224,136.74,696,606
QT30 - Charcoal Flame Resistant Tops,B01C4C363E,247.71999999999997,704,604
QT30 - Charcoal Flame Resistant Tops,B01C4C3224,181.41000000000003,696,604
QT30 - Dark Blue Flame Resistant Tops,B01C4C363E,239.52,704,605
QT30 - Dark Blue Flame Resistant Tops,B01C4C3224,111.1,696,605
QT30 - Black Flame Resistant Tops,B01C4C363E,196.12,704,602
QT30 - Black Flame Resistant Tops,B01C4C3224,161.1,696,602
QT30 - Blue Flame Resistant Tops,B01C4C363E,164.47,704,603
QT30 - Blue Flame Resistant Tops,B01C4C3224,86.1,696,603
DP29 - White Hospitality,B00SBHM5K2,383.43,631,284
SP84 - Grey/Blue Uniforms Tops,B00O973E9Y,355.36,588,988
SP84 - White/Blue Uniforms Tops,B00O973E9Y,206.76999999999998,588,989
WP18WH - White Outerwear,B00O973R1E,354.06,603,1107
WP18NV - Navy Outerwear,B00O973R1E,252.64,603,1106
WP18LB - Light Blue Outerwear,B00O973R1E,78.49000000000001,603,1105
5035 - Black Uniforms Tops,B00O7PC5CA,353.31,457,169
5035 - White Uniforms Tops,B00O7PC5CA,10.83,457,170
PT61P - Navy Hospitality,B00SBHMPJI,347.46,646,559
PT61P - Khaki Hospitality,B00SBHMPJI,261.38,646,558
PT61P - Black Hospitality,B00SBHMPJI,256.35,646,556
PT61P - White Hospitality,B00SBHMPJI,244.29000000000002,646,560
PT61P - Charcoal Hospitality,B00SBHMPJI,188.32,646,557
SS16WH - White Woven Shirts,B00O973I5E,340.84000000000003,593,1026
9P01P - Emerald Hospitality,B00SBHLSE6,324.44000000000005,625,185
9P01P - Black Hospitality,B00SBHLSE6,244.64999999999998,625,183
9P01 - Navy Hospitality,B00SBHLSE6,119.99,625,182
9P01P - Burgundy Hospitality,B00SBHLSE6,78.96000000000001,625,184
BXN4YE RG S - Yellow/Green Flame Resistant Bottoms,B00HUA104S,313.39,314,211
SC16 - White Woven Shirts,B00O972MF6,300.43,543,628
SC16 - Light Blue Woven Shirts,B00O972MF6,154.72,543,626
SC16 - Navy Woven Shirts,B00O972MF6,89.11000000000001,543,627
PT34 - Navy Shorts,B00O4UZ1IS,296.82,412,518
PT34 - Khaki Shorts,B00O4UZ1IS,268.99,412,517
PT34 - Black Shorts,B00O4UZ1IS,162.49,412,515
PT34 - Charcoal Shorts,B00O4UZ1IS,85.36,412,516
9K03P - Burgundy Hospitality,B00SBHLTEU,296.34000000000003,626,179
9K03P - Storm Hospitality,B00SBHLTEU,42.07,626,181
9K03P - Putty Hospitality,B00SBHLTEU,7.49,626,180
SP13P - White Industrial,B00SBHMWIW,287.99,648,835
SP13P - Light Blue Industrial,B00SBHMWIW,211.98,648,833
SP13P - Navy Industrial,B00SBHMWIW,116.06,648,834
SP13P - Blue Industrial,B00SBHMWIW,26.66,648,832
SP35 - White Woven Shirts,B00O973AXY,286.99,579,942
SP91 - Royal Blue Hospitality,B00SBHN8RG,282.77,653,1003
SP91P - Black Hospitality,B00SBHN8RG,274.65000000000003,653,1004
SP91 - Navy Hospitality,B00SBHN8RG,273.94,653,1001
SP91 - Red Hospitality,B00SBHN8RG,214.8,653,1002
SP91P - Light Blue Hospitality,B00SBHN8RG,202.58999999999997,653,1005
SP91 - Burgundy Hospitality,B00SBHN8RG,177.41,653,999
SP91P - White Hospitality,B00SBHN8RG,155.67000000000002,653,1006
SP91 - Khaki Hospitality,B00SBHN8RG,136.12,653,1000
SC74NV - Navy/Stone Woven Shirts,B00O972QLG,281.59,549,657
SC74ST - Stone/Navy Woven Shirts,B00O972QLG,135.73999999999998,549,658
SK50 - Navy Knit Tops,B00O9OQG2E,276.54,613,713
SK50 - Black Knit Tops,B00O9OQG2E,261.62,613,711
SK50 - Medium Blue Knit Tops,B00O9OQG2E,162.6,613,712
KC82 - White Uniforms Jackets,B00O7PC7KU,271.91999999999996,460,347
SP06 - White With Black/White Check Uniforms Tops,B00O7PCG92,238.99,469,820
PP73 - Navy Industrial,B00SBHMIF4,234.7,640,465
PP73 - White Industrial,B00SBHMIF4,56.68,640,466
411 - White Uniforms Jackets,B00O7PBRP6,228.53000000000003,443,153
PEJ6SW 38 34 - Stone-wash Flame Resistant Bottoms,B00CC3M6V4,217.96,269,446
PEJ6SW 38 34 - Stone-wash Flame Resistant Bottoms,B00CC3M5A6,152.97,268,446
PEJ6SW 38 34 - Stone-wash Flame Resistant Bottoms,B00CC3OI56,126.0,275,446
PEJ6SW 38 34 - Stone-wash Flame Resistant Bottoms,B00CC3OGJE,126.0,274,446
PEJ6SW 38 34 - Stone-wash Flame Resistant Bottoms,B00CC3LZF2,92.68,267,446
PEJ6SW 38 34 - Stone-wash Flame Resistant Bottoms,B00CC3M87G,91.84,270,446
PEJ6SW 38 34 - Stone-wash Flame Resistant Bottoms,B00CC3OJAA,47.79,276,446
PEJ6SW 38 34 - Stone-wash Flame Resistant Bottoms,B00CC3R0JC,29.62,277,446
PEJ6SW 38 34 - Stone-wash Flame Resistant Bottoms,B00CC4WKSW,22.98,285,446
PEJ6SW 38 34 - Stone-wash Flame Resistant Bottoms,B00CC4V53I,20.48,284,446
PT59P - Navy Hospitality,B00SBHMOOE,214.44,643,544
PT59P - White Hospitality,B00SBHMOOE,159.32,643,547
PT59P - Spruce Green Hospitality,B00SBHMOOE,60.0,643,545
PT59P - Tan Hospitality,B00SBHMOOE,45.480000000000004,643,546
PT59P - Charcoal Hospitality,B00SBHMOOE,33.93,643,543
SP14 - Blue/Charcoal Woven Shirts,B00O972ZE4,205.91,562,837
SP14 - Denim Blue Micro Check Woven Shirts,B00O972ZE4,202.42000000000002,562,844
SP14 - Khaki/Black Woven Shirts,B00O972ZE4,116.07,562,850
SS26MB - Medium Blue Woven Shirts,B00O973KQG,202.59000000000003,595,1030
SS26WH - White Woven Shirts,B00O973KQG,114.81,595,1031
SS26WH - White Woven Shirts,B00AQ4GM34,25.35,262,1031
SS26WH - White Woven Shirts,B00AQ4GJS2,22.12,261,1031
SS26WH - White Woven Shirts,B00AQ4GMUW,18.7,263,1031
SS26WH - White Woven Shirts,B00AQ4GJGO,14.2,260,1031
SS26WH - White Woven Shirts,B00AQ4GNDS,6.5,264,1031
421 - White Uniforms Jackets,B00O7PBU26,197.29,447,159
SLU4 - Khaki Flame Resistant Tops,B01C566U4Q,190.41,706,791
SLU4 - Grey Flame Resistant Tops,B01C566U4Q,63.47,706,790
HD20 - Brown Duck Accessories,B00O971G94,187.84,490,288
HD20 - Navy Duck Accessories,B00O971G94,140.15,490,289
1K00PT - Putty/Navy Woven Shirts,B00O972364,182.82999999999998,512,113
1K00ST - Storm/Black Woven Shirts,B00O972364,155.64999999999998,512,114
1K00ST - Storm/Black Woven Shirts,B00AQ4EYY8,55.0,251,114
1K00BU - Burgundy/Black Woven Shirts,B00O972364,102.17,512,112
PLJ8BD 50 34 - Brown Duck Flame Resistant Bottoms,B00CC4JU0S,179.8,279,455
PLJ8BD 50 34 - Brown Duck Flame Resistant Bottoms,B00CC4K28C,107.19,280,455
SK81BT - Black Tops and Sweaters,B0178EI246,177.12,669,741
SK81 - Navy Tops and Sweaters,B0178EI246,62.46000000000001,669,740
SK81 - Grey Tops and Sweaters,B0178EI246,28.169999999999998,669,738
SK81 - Medium Blue Tops and Sweaters,B0178EI246,24.490000000000002,669,739
5025 - White Uniforms Tops,B00O7PC548,175.51999999999998,454,167
JN10 - Navy Outerwear,B00O971ME8,168.17000000000002,493,321
SMU3LB RG XL - Light Blue Flame Resistant Tops,B00JFO0OYY,168.15,373,806
KV30 - White Uniforms Jackets,B00O7PCDM2,163.19,466,394
4020 - White Uniforms Jackets,B00O7PC27S,160.20999999999998,450,149
1S00 - Navy Woven Shirts,B00O9723SW,159.66,515,119
1S00 - Tan Woven Shirts,B00O9723SW,69.32,515,120
1S00 - Black Woven Shirts,B00O9723SW,58.1,515,117
1S00 - Hunter Woven Shirts,B00O9723SW,13.38,515,118
KP16 - White Outerwear,B00O9729FO,145.5,525,369
SK58 - Navy Knit Tops,B00O9OQIJU,141.63,619,719
SK58 - Light Blue Knit Tops,B00O9OQIJU,97.25,619,718
SK58 - White Knit Tops,B00O9OQIJU,75.17,619,720
WT50 - White Outerwear,B00O973R6Y,137.66000000000003,605,1147
HLH2NV RG M - Navy Flame Resistant Tops,B00JFO0KK2,128.87,367,292
HLH2BD RG M - Brown Duck Flame Resistant Tops,B00JFO0KK2,124.21,367,291
HLH2RB RG M - Royal Blue Flame Resistant Tops,B00JFO0KK2,16.26,367,293
PLJ8NV 50 34 - Navy Duck Flame Resistant Bottoms,B01N1TE54K,127.46,735,456
PLJ8NV 50 34 - Navy Duck Flame Resistant Bottoms,B00CC4L2E0,127.18,283,456
PLJ8NV 50 34 - Navy Duck Flame Resistant Bottoms,B00CC4L18C,99.0,282,456
PLJ8NV 50 34 - Navy Duck Flame Resistant Bottoms,B00CC4KWGE,58.99,281,456
9S05 - Black Hospitality,B00SBHLZPI,115.97,629,196
9S05 - Hunter Green Hospitality,B00SBHLZPI,69.44,629,197
9S05P - Navy Hospitality,B00SBHLZPI,27.59,629,198
TT38 - Black Accessories,B00O7TTSRQ,113.41,471,1091
1P60 - Black Woven Shirts,B00O97238W,107.39,514,115
1P60 - Navy Woven Shirts,B00O97238W,102.94999999999999,514,116
KT33 - White Medical,B00SBHMCKA,105.6,637,388
HB20 - Navy Accessories,B00O971G4E,96.94,489,286
HB20 - Black Accessories,B00O971G4E,86.64,489,285
HB20 - Red Accessories,B00O971G4E,12.93,489,287
HNM2NV RG M - Navy Flame Resistant Outerwear,B007WC4B04,86.97,250,301
CNN2NV RG XXL - Navy Flame Resistant Bottoms,B00HUA3CK8,85.32,323,265
423 - White Uniforms Jackets,B00O7PBTTU,85.2,444,160
TP27P - White Hospitality,B00SBHNQ5K,74.84,662,1076
TP27P - Light Blue Hospitality,B00SBHNQ5K,39.53,662,1075
SWW2 - Silver Grey Flame Resistant Tops,B01C566U5K,74.47,708,1046
KP17 - White Medical,B00SBHM69W,72.63,634,370
SP08 - Black/White Check Uniforms Tops,B00O7PCG7Y,70.54,468,821
JY32 - Fluorescent Yellow/Green High Visibility Outerwear,B00O971TY6,56.239999999999995,504,346
PEJ3DW 16 32 - Blue Denim Bottoms and Overalls,B00HUA501M,39.57,343,444
KP11 - White Medical,B00SBHM5PW,33.84,632,361
CEW2VG RG XXL - Visual Green Flame Resistant Bottoms,B00HUA1WPK,23.99,317,238
PLJ8OL 50 34 - Olive Duck Flame Resistant Bottoms,B01NAK17IP,23.13,736,457
440 - White Uniforms Jackets,B00O7PC2DM,22.95,451,163
SK11 - Royal Blue Industrial,B00SBHMVAQ,19.79,647,696
SK11P - Khaki Industrial,B00SBHMVAQ,18.22,647,697
400 - White Uniforms Jackets,B00O7PBP9O,19.28,434,143
PEJWSD 10 30 - Sanded Denim Bottoms and Overalls,B00HUA58JQ,14.87,345,450
